travelCode,userCode,from,to,flightType,price,time,distance,agency,date
92679,914,Rio de Janeiro (RJ),Florianopolis (SC),economic,533.69,1.21,466.3,CloudFy,2023-04-01
126643,1252,Recife (PE),Florianopolis (SC),economic,761.2,1.76,676.53,CloudFy,2023-04-01
103043,1022,Brasilia (DF),Florianopolis (SC),firstClass,1487.52,1.66,637.56,CloudFy,2023-04-01
43266,422,Natal (RN),Recife (PE),economic,429.77,0.58,222.67,CloudFy,2023-04-01
2476,21,Salvador (BH),Brasilia (DF),premium,882.86,1.76,676.56,Rainbow,2023-04-01
44809,436,Recife (PE),Brasilia (DF),firstClass,697.22,0.63,242.21,FlyingDrops,2023-04-01
35452,338,Campo Grande (MS),Brasilia (DF),economic,506.56,0.72,277.7,CloudFy,2023-04-01
48817,478,Sao Paulo (SP),Campo Grande (MS),economic,367.22,0.44,168.22,Rainbow,2023-04-01
42394,412,Sao Paulo (SP),Aracaju (SE),economic,647.9,1.02,392.76,Rainbow,2023-04-01
14716,146,Salvador (BH),Brasilia (DF),premium,882.86,1.76,676.56,Rainbow,2023-04-01
19471,189,Rio de Janeiro (RJ),Brasilia (DF),premium,435.67,0.48,183.37,Rainbow,2023-04-01
89535,882,Sao Paulo (SP),Aracaju (SE),firstClass,1159.84,1.02,392.76,Rainbow,2023-04-01
11332,111,Campo Grande (MS),Brasilia (DF),economic,517.82,0.72,277.7,Rainbow,2023-04-01
52986,512,Florianopolis (SC),Campo Grande (MS),firstClass,949.58,1.49,573.81,CloudFy,2023-04-01
67233,651,Recife (PE),Aracaju (SE),premium,932.84,1.44,555.74,CloudFy,2023-04-01
59024,573,Recife (PE),Campo Grande (MS),premium,793.15,1.39,535.4,CloudFy,2023-04-01
47662,461,Natal (RN),Campo Grande (MS),firstClass,855.82,0.65,250.68,Rainbow,2023-04-01
115982,1150,Recife (PE),Florianopolis (SC),firstClass,1371.83,1.76,676.53,Rainbow,2023-04-01
49847,486,Salvador (BH),Campo Grande (MS),premium,774.52,1.36,522.34,Rainbow,2023-04-01
17494,174,Campo Grande (MS),Aracaju (SE),economic,886.9,1.69,650.1,CloudFy,2023-04-01
43968,430,Aracaju (SE),Brasilia (DF),firstClass,898.04,1.11,425.98,FlyingDrops,2023-04-01
608,4,Rio de Janeiro (RJ),Aracaju (SE),firstClass,1386.46,1.55,597.61,Rainbow,2023-04-01
65318,634,Aracaju (SE),Campo Grande (MS),firstClass,1389.37,1.69,650.1,CloudFy,2023-04-01
79440,772,Aracaju (SE),Natal (RN),firstClass,577.71,0.46,176.33,FlyingDrops,2023-04-01
24016,234,Campo Grande (MS),Recife (PE),firstClass,1244.73,1.39,535.4,CloudFy,2023-04-01
59362,575,Florianopolis (SC),Campo Grande (MS),firstClass,949.58,1.49,573.81,CloudFy,2023-04-01
79035,766,Salvador (BH),Sao Paulo (SP),firstClass,667.0,1.04,401.66,Rainbow,2023-04-01
5758,56,Rio de Janeiro (RJ),Recife (PE),firstClass,1617.81,2.3,885.57,Rainbow,2023-04-01
37681,357,Brasilia (DF),Aracaju (SE),premium,987.07,1.11,425.98,CloudFy,2023-04-01
9013,90,Aracaju (SE),Brasilia (DF),premium,706.36,1.11,425.98,Rainbow,2023-04-01
101089,1003,Natal (RN),Florianopolis (SC),premium,1165.99,1.84,709.37,CloudFy,2023-04-01
38969,372,Recife (PE),Brasilia (DF),premium,573.61,0.63,242.21,CloudFy,2023-04-01
39539,381,Aracaju (SE),Recife (PE),firstClass,1088.87,1.44,555.74,FlyingDrops,2023-04-02
8487,82,Brasilia (DF),Aracaju (SE),economic,654.88,1.11,425.98,CloudFy,2023-04-02
18670,183,Rio de Janeiro (RJ),Brasilia (DF),premium,503.26,0.48,183.37,CloudFy,2023-04-02
60896,587,Florianopolis (SC),Campo Grande (MS),firstClass,857.32,1.49,573.81,Rainbow,2023-04-02
14524,145,Recife (PE),Brasilia (DF),premium,573.61,0.63,242.21,CloudFy,2023-04-02
28804,274,Recife (PE),Brasilia (DF),premium,638.63,0.63,242.21,Rainbow,2023-04-02
56122,545,Natal (RN),Campo Grande (MS),firstClass,953.32,0.65,250.68,CloudFy,2023-04-02
111550,1104,Rio de Janeiro (RJ),Florianopolis (SC),premium,708.27,1.21,466.3,CloudFy,2023-04-02
89132,879,Florianopolis (SC),Aracaju (SE),economic,819.41,2.1,808.85,Rainbow,2023-04-02
123554,1222,Natal (RN),Florianopolis (SC),firstClass,1554.92,1.84,709.37,Rainbow,2023-04-02
409,3,Salvador (BH),Aracaju (SE),firstClass,1531.92,2.16,830.86,CloudFy,2023-04-02
130790,1286,Rio de Janeiro (RJ),Florianopolis (SC),firstClass,941.27,1.21,466.3,Rainbow,2023-04-02
86181,848,Campo Grande (MS),Sao Paulo (SP),firstClass,644.16,0.44,168.22,Rainbow,2023-04-02
109354,1083,Recife (PE),Florianopolis (SC),premium,1074.75,1.76,676.53,CloudFy,2023-04-02
106439,1056,Recife (PE),Florianopolis (SC),firstClass,1434.38,1.76,676.53,FlyingDrops,2023-04-02
11520,112,Sao Paulo (SP),Aracaju (SE),firstClass,1186.15,1.02,392.76,CloudFy,2023-04-02
90781,896,Brasilia (DF),Florianopolis (SC),premium,1189.32,1.66,637.56,CloudFy,2023-04-02
61414,599,Recife (PE),Campo Grande (MS),premium,793.15,1.39,535.4,CloudFy,2023-04-02
67044,650,Rio de Janeiro (RJ),Aracaju (SE),firstClass,1386.46,1.55,597.61,Rainbow,2023-04-02
58643,571,Brasilia (DF),Campo Grande (MS),premium,831.7,0.72,277.7,CloudFy,2023-04-02
66130,641,Sao Paulo (SP),Campo Grande (MS),firstClass,668.19,0.44,168.22,FlyingDrops,2023-04-02
80146,779,Sao Paulo (SP),Natal (RN),premium,719.91,0.85,327.55,CloudFy,2023-04-02
37985,362,Florianopolis (SC),Aracaju (SE),premium,1149.53,2.1,808.85,CloudFy,2023-04-02
52043,504,Recife (PE),Campo Grande (MS),economic,615.59,1.39,535.4,Rainbow,2023-04-02
56756,552,Florianopolis (SC),Campo Grande (MS),premium,714.86,1.49,573.81,Rainbow,2023-04-02
91761,905,Recife (PE),Florianopolis (SC),firstClass,1371.83,1.76,676.53,Rainbow,2023-04-02
103912,1029,Campo Grande (MS),Florianopolis (SC),economic,764.53,1.49,573.81,Rainbow,2023-04-02
103258,1024,Recife (PE),Florianopolis (SC),economic,761.2,1.76,676.53,CloudFy,2023-04-03
3355,32,Florianopolis (SC),Brasilia (DF),firstClass,1127.36,1.66,637.56,CloudFy,2023-04-03
66723,646,Aracaju (SE),Campo Grande (MS),premium,1116.83,1.69,650.1,Rainbow,2023-04-03
86582,852,Recife (PE),Aracaju (SE),premium,932.22,1.44,555.74,Rainbow,2023-04-03
16118,158,Salvador (BH),Recife (PE),firstClass,1440.25,2.05,788.55,Rainbow,2023-04-03
46075,448,Aracaju (SE),Recife (PE),economic,604.14,1.44,555.74,CloudFy,2023-04-03
135844,1335,Recife (PE),Florianopolis (SC),firstClass,1354.53,1.76,676.53,CloudFy,2023-04-03
29548,281,Salvador (BH),Recife (PE),economic,767.27,2.05,788.55,CloudFy,2023-04-03
24873,241,Sao Paulo (SP),Recife (PE),premium,1145.72,1.26,486.52,Rainbow,2023-04-03
12348,119,Salvador (BH),Recife (PE),firstClass,1440.02,2.05,788.55,CloudFy,2023-04-03
127163,1255,Sao Paulo (SP),Florianopolis (SC),economic,947.95,1.46,562.14,CloudFy,2023-04-03
30153,287,Florianopolis (SC),Brasilia (DF),economic,636.51,1.66,637.56,CloudFy,2023-04-03
127888,1260,Sao Paulo (SP),Florianopolis (SC),firstClass,1718.28,1.46,562.14,Rainbow,2023-04-03
5329,52,Florianopolis (SC),Aracaju (SE),premium,1149.53,2.1,808.85,CloudFy,2023-04-03
9484,94,Salvador (BH),Recife (PE),premium,1016.53,2.05,788.55,CloudFy,2023-04-03
105125,1041,Aracaju (SE),Florianopolis (SC),firstClass,1515.79,2.1,808.85,CloudFy,2023-04-03
64348,625,Florianopolis (SC),Campo Grande (MS),economic,544.86,1.49,573.81,Rainbow,2023-04-03
102725,1019,Rio de Janeiro (RJ),Florianopolis (SC),firstClass,941.27,1.21,466.3,Rainbow,2023-04-03
81525,793,Rio de Janeiro (RJ),Natal (RN),economic,677.1,1.55,595.03,CloudFy,2023-04-03
101276,1004,Brasilia (DF),Florianopolis (SC),economic,884.94,1.66,637.56,CloudFy,2023-04-03
28195,268,Florianopolis (SC),Recife (PE),economic,674.52,1.76,676.53,CloudFy,2023-04-03
115617,1148,Rio de Janeiro (RJ),Florianopolis (SC),firstClass,875.65,1.21,466.3,CloudFy,2023-04-03
97438,962,Recife (PE),Florianopolis (SC),economic,803.39,1.76,676.53,Rainbow,2023-04-03
20231,195,Campo Grande (MS),Aracaju (SE),premium,1215.45,1.69,650.1,CloudFy,2023-04-03
49408,483,Aracaju (SE),Campo Grande (MS),economic,743.54,1.69,650.1,Rainbow,2023-04-03
91355,900,Rio de Janeiro (RJ),Florianopolis (SC),premium,708.27,1.21,466.3,CloudFy,2023-04-03
81877,796,Sao Paulo (SP),Aracaju (SE),firstClass,1159.84,1.02,392.76,Rainbow,2023-04-03
29847,284,Recife (PE),Aracaju (SE),firstClass,1181.19,1.44,555.74,Rainbow,2023-04-03
103450,1026,Rio de Janeiro (RJ),Florianopolis (SC),economic,533.69,1.21,466.3,CloudFy,2023-04-03
45879,447,Campo Grande (MS),Brasilia (DF),firstClass,847.83,0.72,277.7,FlyingDrops,2023-04-03
95291,940,Campo Grande (MS),Florianopolis (SC),economic,764.53,1.49,573.81,Rainbow,2023-04-03
93846,925,Salvador (BH),Florianopolis (SC),firstClass,1616.44,2.44,937.77,FlyingDrops,2023-04-03
55925,544,Sao Paulo (SP),Campo Grande (MS),firstClass,595.09,0.44,168.22,Rainbow,2023-04-03
82160,798,Brasilia (DF),Natal (RN),economic,791.66,1.43,550.69,CloudFy,2023-04-03
34149,326,Salvador (BH),Aracaju (SE),economic,811.73,2.16,830.86,CloudFy,2023-04-03
123250,1220,Aracaju (SE),Florianopolis (SC),premium,1132.81,2.1,808.85,Rainbow,2023-04-03
40599,390,Rio de Janeiro (RJ),Recife (PE),firstClass,1702.23,2.3,885.57,FlyingDrops,2023-04-03
105126,1041,Florianopolis (SC),Brasilia (DF),premium,814.55,1.66,637.56,Rainbow,2023-04-06
46076,448,Recife (PE),Rio de Janeiro (RJ),premium,1270.03,2.3,885.57,CloudFy,2023-04-06
59363,575,Campo Grande (MS),Brasilia (DF),firstClass,949.99,0.72,277.7,CloudFy,2023-04-06
60506,584,Campo Grande (MS),Recife (PE),premium,991.22,1.39,535.4,Rainbow,2023-04-06
39540,381,Recife (PE),Campo Grande (MS),premium,793.15,1.39,535.4,CloudFy,2023-04-06
12349,119,Aracaju (SE),Florianopolis (SC),firstClass,1499.93,2.1,808.85,FlyingDrops,2023-04-06
89133,879,Sao Paulo (SP),Brasilia (DF),premium,602.12,0.67,257.81,CloudFy,2023-04-06
38970,372,Recife (PE),Salvador (BH),premium,1249.83,2.05,788.55,Rainbow,2023-04-06
33566,322,Brasilia (DF),Aracaju (SE),economic,654.88,1.11,425.98,CloudFy,2023-04-06
91126,898,Florianopolis (SC),Brasilia (DF),firstClass,1127.36,1.66,637.56,CloudFy,2023-04-06
16119,158,Recife (PE),Brasilia (DF),premium,638.63,0.63,242.21,Rainbow,2023-04-06
106440,1056,Florianopolis (SC),Aracaju (SE),firstClass,1574.28,2.1,808.85,FlyingDrops,2023-04-06
56757,552,Campo Grande (MS),Salvador (BH),firstClass,1149.38,1.36,522.34,CloudFy,2023-04-06
101090,1003,Florianopolis (SC),Sao Paulo (SP),economic,426.91,1.46,562.14,CloudFy,2023-04-06
28805,274,Brasilia (DF),Rio de Janeiro (RJ),economic,371.04,0.48,183.37,Rainbow,2023-04-06
130791,1286,Florianopolis (SC),Salvador (BH),economic,898.67,2.44,937.77,CloudFy,2023-04-06
2477,21,Aracaju (SE),Salvador (BH),premium,1288.79,2.16,830.86,CloudFy,2023-04-06
11521,112,Brasilia (DF),Natal (RN),premium,1107.52,1.43,550.69,Rainbow,2023-04-06
81526,793,Aracaju (SE),Salvador (BH),economic,964.83,2.16,830.86,CloudFy,2023-04-06
35264,337,Aracaju (SE),Florianopolis (SC),firstClass,1499.93,2.1,808.85,FlyingDrops,2023-04-06
67045,650,Natal (RN),Aracaju (SE),economic,361.68,0.46,176.33,CloudFy,2023-04-06
39861,384,Recife (PE),Florianopolis (SC),economic,761.2,1.76,676.53,CloudFy,2023-04-06
66131,641,Campo Grande (MS),Florianopolis (SC),firstClass,1310.32,1.49,573.81,FlyingDrops,2023-04-06
5759,56,Recife (PE),Brasilia (DF),economic,439.38,0.63,242.21,Rainbow,2023-04-06
9485,94,Aracaju (SE),Campo Grande (MS),economic,743.54,1.69,650.1,Rainbow,2023-04-06
79036,766,Sao Paulo (SP),Campo Grande (MS),premium,447.53,0.44,168.22,CloudFy,2023-04-06
17495,174,Aracaju (SE),Sao Paulo (SP),premium,630.34,1.02,392.76,CloudFy,2023-04-06
91762,905,Florianopolis (SC),Recife (PE),economic,695.3,1.76,676.53,Rainbow,2023-04-06
76584,744,Natal (RN),Florianopolis (SC),economic,884.4,1.84,709.37,Rainbow,2023-04-06
47663,461,Campo Grande (MS),Rio de Janeiro (RJ),premium,1363.27,2.09,806.48,CloudFy,2023-04-06
45683,445,Aracaju (SE),Brasilia (DF),firstClass,957.68,1.11,425.98,CloudFy,2023-04-06
103044,1022,Florianopolis (SC),Sao Paulo (SP),economic,427.0,1.46,562.14,Rainbow,2023-04-06
134654,1323,Florianopolis (SC),Sao Paulo (SP),economic,426.91,1.46,562.14,CloudFy,2023-04-06
3356,32,Aracaju (SE),Brasilia (DF),firstClass,957.68,1.11,425.98,CloudFy,2023-04-06
109955,1089,Florianopolis (SC),Brasilia (DF),economic,555.01,1.66,637.56,Rainbow,2023-04-06
410,3,Recife (PE),Campo Grande (MS),premium,832.77,1.39,535.4,Rainbow,2023-04-06
32072,307,Brasilia (DF),Campo Grande (MS),firstClass,1069.61,0.72,277.7,Rainbow,2023-04-06
40400,389,Brasilia (DF),Florianopolis (SC),economic,884.94,1.66,637.56,CloudFy,2023-04-06
11333,111,Brasilia (DF),Sao Paulo (SP),firstClass,893.65,0.67,257.81,CloudFy,2023-04-06
109355,1083,Florianopolis (SC),Natal (RN),economic,780.68,1.84,709.37,Rainbow,2023-04-06
101277,1004,Florianopolis (SC),Rio de Janeiro (RJ),premium,481.42,1.21,466.3,Rainbow,2023-04-06
14717,146,Brasilia (DF),Salvador (BH),economic,921.08,1.76,676.56,Rainbow,2023-04-06
37682,357,Recife (PE),Aracaju (SE),premium,932.84,1.44,555.74,CloudFy,2023-04-06
82161,798,Aracaju (SE),Brasilia (DF),firstClass,898.04,1.11,425.98,FlyingDrops,2023-04-06
95292,940,Florianopolis (SC),Natal (RN),economic,780.68,1.84,709.37,Rainbow,2023-04-06
134182,1320,Florianopolis (SC),Brasilia (DF),premium,814.55,1.66,637.56,Rainbow,2023-04-06
103451,1026,Florianopolis (SC),Recife (PE),economic,674.52,1.76,676.53,CloudFy,2023-04-06
93847,925,Florianopolis (SC),Rio de Janeiro (RJ),premium,481.42,1.21,466.3,Rainbow,2023-04-06
91356,900,Florianopolis (SC),Rio de Janeiro (RJ),firstClass,549.55,1.21,466.3,Rainbow,2023-04-06
102726,1019,Florianopolis (SC),Salvador (BH),premium,1367.88,2.44,937.77,Rainbow,2023-04-06
115618,1148,Florianopolis (SC),Recife (PE),economic,674.52,1.76,676.53,CloudFy,2023-04-06
55926,544,Campo Grande (MS),Rio de Janeiro (RJ),economic,946.55,2.09,806.48,Rainbow,2023-04-06
18671,183,Brasilia (DF),Campo Grande (MS),firstClass,1096.58,0.72,277.7,CloudFy,2023-04-06
128874,1269,Florianopolis (SC),Natal (RN),firstClass,1385.49,1.84,709.37,Rainbow,2023-04-06
126644,1252,Florianopolis (SC),Aracaju (SE),economic,819.41,2.1,808.85,Rainbow,2023-04-06
92142,908,Florianopolis (SC),Recife (PE),premium,918.66,1.76,676.53,CloudFy,2023-04-06
103259,1024,Florianopolis (SC),Brasilia (DF),firstClass,1097.17,1.66,637.56,FlyingDrops,2023-04-06
74986,727,Natal (RN),Florianopolis (SC),firstClass,1554.92,1.84,709.37,Rainbow,2023-04-06
26571,254,Brasilia (DF),Natal (RN),firstClass,1433.35,1.43,550.69,FlyingDrops,2023-04-06
111551,1104,Florianopolis (SC),Rio de Janeiro (RJ),economic,317.08,1.21,466.3,Rainbow,2023-04-06
90782,896,Florianopolis (SC),Campo Grande (MS),firstClass,857.32,1.49,573.81,Rainbow,2023-04-06
135845,1335,Florianopolis (SC),Rio de Janeiro (RJ),firstClass,624.89,1.21,466.3,FlyingDrops,2023-04-06
89536,882,Sao Paulo (SP),Rio de Janeiro (RJ),firstClass,1041.65,0.86,331.89,FlyingDrops,2023-04-06
45880,447,Aracaju (SE),Brasilia (DF),economic,548.62,1.11,425.98,Rainbow,2023-04-06
59025,573,Campo Grande (MS),Sao Paulo (SP),firstClass,620.16,0.44,168.22,CloudFy,2023-04-06
37986,362,Recife (PE),Natal (RN),premium,474.6,0.58,222.67,CloudFy,2023-04-06
14525,145,Brasilia (DF),Aracaju (SE),economic,654.88,1.11,425.98,CloudFy,2023-04-06
41858,407,Recife (PE),Campo Grande (MS),firstClass,1038.95,1.39,535.4,FlyingDrops,2023-04-06
44810,436,Brasilia (DF),Campo Grande (MS),economic,629.54,0.72,277.7,Rainbow,2023-04-06
60897,587,Campo Grande (MS),Sao Paulo (SP),firstClass,644.16,0.44,168.22,Rainbow,2023-04-06
49848,486,Campo Grande (MS),Brasilia (DF),firstClass,847.83,0.72,277.7,FlyingDrops,2023-04-06
61650,601,Campo Grande (MS),Rio de Janeiro (RJ),firstClass,1614.7,2.09,806.48,CloudFy,2023-04-06
29848,284,Aracaju (SE),Sao Paulo (SP),firstClass,752.27,1.02,392.76,Rainbow,2023-04-06
127889,1260,Florianopolis (SC),Recife (PE),firstClass,1292.29,1.76,676.53,FlyingDrops,2023-04-06
27637,264,Aracaju (SE),Recife (PE),premium,875.41,1.44,555.74,Rainbow,2023-04-06
103913,1029,Florianopolis (SC),Natal (RN),premium,1114.55,1.84,709.37,Rainbow,2023-04-06
58644,571,Campo Grande (MS),Recife (PE),firstClass,1244.73,1.39,535.4,CloudFy,2023-04-06
99989,992,Florianopolis (SC),Recife (PE),economic,674.52,1.76,676.53,CloudFy,2023-04-06
609,4,Brasilia (DF),Campo Grande (MS),firstClass,1096.58,0.72,277.7,CloudFy,2023-04-06
127164,1255,Florianopolis (SC),Salvador (BH),premium,1311.38,2.44,937.77,CloudFy,2023-04-06
40600,390,Brasilia (DF),Rio de Janeiro (RJ),premium,440.69,0.48,183.37,Rainbow,2023-04-06
43969,430,Recife (PE),Campo Grande (MS),firstClass,1110.76,1.39,535.4,CloudFy,2023-04-06
52044,504,Campo Grande (MS),Aracaju (SE),economic,877.56,1.69,650.1,Rainbow,2023-04-06
26293,251,Aracaju (SE),Natal (RN),firstClass,598.61,0.46,176.33,CloudFy,2023-04-06
67234,651,Sao Paulo (SP),Brasilia (DF),premium,586.06,0.67,257.81,Rainbow,2023-04-06
34150,326,Aracaju (SE),Salvador (BH),economic,943.36,2.16,830.86,Rainbow,2023-04-06
56123,545,Campo Grande (MS),Natal (RN),economic,467.6,0.65,250.68,CloudFy,2023-04-06
52987,512,Campo Grande (MS),Sao Paulo (SP),economic,375.51,0.44,168.22,CloudFy,2023-04-06
42395,412,Recife (PE),Florianopolis (SC),economic,761.2,1.76,676.53,CloudFy,2023-04-06
70692,684,Aracaju (SE),Salvador (BH),premium,1289.05,2.16,830.86,Rainbow,2023-04-06
97439,962,Florianopolis (SC),Salvador (BH),firstClass,1640.8,2.44,937.77,CloudFy,2023-04-06
86583,852,Aracaju (SE),Florianopolis (SC),economic,852.18,2.1,808.85,Rainbow,2023-04-06
29549,281,Recife (PE),Salvador (BH),economic,861.68,2.05,788.55,Rainbow,2023-04-06
92680,914,Florianopolis (SC),Campo Grande (MS),premium,697.65,1.49,573.81,CloudFy,2023-04-06
49409,483,Campo Grande (MS),Recife (PE),premium,991.22,1.39,535.4,Rainbow,2023-04-06
64349,625,Campo Grande (MS),Florianopolis (SC),firstClass,1446.34,1.49,573.81,CloudFy,2023-04-06
65319,634,Campo Grande (MS),Brasilia (DF),firstClass,949.99,0.72,277.7,CloudFy,2023-04-06
86182,848,Natal (RN),Aracaju (SE),premium,451.41,0.46,176.33,CloudFy,2023-04-06
123251,1220,Florianopolis (SC),Natal (RN),economic,780.68,1.84,709.37,Rainbow,2023-04-06
8488,82,Brasilia (DF),Salvador (BH),premium,1346.6,1.76,676.56,CloudFy,2023-04-06
123555,1222,Florianopolis (SC),Natal (RN),firstClass,1385.49,1.84,709.37,Rainbow,2023-04-06
115983,1150,Florianopolis (SC),Natal (RN),firstClass,1315.27,1.84,709.37,CloudFy,2023-04-06
24874,241,Aracaju (SE),Recife (PE),economic,602.49,1.44,555.74,Rainbow,2023-04-06
43267,422,Recife (PE),Sao Paulo (SP),firstClass,883.63,1.26,486.52,CloudFy,2023-04-06
113613,1127,Florianopolis (SC),Brasilia (DF),premium,885.37,1.66,637.56,CloudFy,2023-04-06
19472,189,Recife (PE),Florianopolis (SC),premium,1074.75,1.76,676.53,CloudFy,2023-04-06
48818,478,Campo Grande (MS),Brasilia (DF),economic,506.56,0.72,277.7,CloudFy,2023-04-06
20232,195,Brasilia (DF),Recife (PE),firstClass,691.39,0.63,242.21,FlyingDrops,2023-04-06
1360,11,Recife (PE),Natal (RN),firstClass,669.83,0.58,222.67,CloudFy,2023-04-06
9014,90,Brasilia (DF),Salvador (BH),economic,958.15,1.76,676.56,CloudFy,2023-04-06
5330,52,Aracaju (SE),Sao Paulo (SP),firstClass,756.3,1.02,392.76,FlyingDrops,2023-04-06
66724,646,Campo Grande (MS),Florianopolis (SC),firstClass,1341.21,1.49,573.81,Rainbow,2023-04-06
18671,183,Campo Grande (MS),Brasilia (DF),firstClass,949.99,0.72,277.7,CloudFy,2023-04-07
103913,1029,Natal (RN),Florianopolis (SC),premium,1212.58,1.84,709.37,Rainbow,2023-04-07
26293,251,Natal (RN),Aracaju (SE),firstClass,576.66,0.46,176.33,CloudFy,2023-04-07
29848,284,Sao Paulo (SP),Aracaju (SE),firstClass,1159.84,1.02,392.76,Rainbow,2023-04-07
16119,158,Brasilia (DF),Recife (PE),premium,559.13,0.63,242.21,Rainbow,2023-04-07
103451,1026,Recife (PE),Florianopolis (SC),economic,761.2,1.76,676.53,CloudFy,2023-04-07
12349,119,Florianopolis (SC),Aracaju (SE),firstClass,1574.28,2.1,808.85,FlyingDrops,2023-04-07
86583,852,Florianopolis (SC),Aracaju (SE),economic,819.41,2.1,808.85,Rainbow,2023-04-07
43969,430,Campo Grande (MS),Recife (PE),firstClass,1244.73,1.39,535.4,CloudFy,2023-04-07
115618,1148,Recife (PE),Florianopolis (SC),economic,761.2,1.76,676.53,CloudFy,2023-04-07
109955,1089,Brasilia (DF),Florianopolis (SC),economic,889.07,1.66,637.56,Rainbow,2023-04-07
79036,766,Campo Grande (MS),Sao Paulo (SP),premium,536.98,0.44,168.22,CloudFy,2023-04-07
27637,264,Recife (PE),Aracaju (SE),premium,932.22,1.44,555.74,Rainbow,2023-04-07
66724,646,Florianopolis (SC),Campo Grande (MS),firstClass,857.32,1.49,573.81,Rainbow,2023-04-07
65319,634,Brasilia (DF),Campo Grande (MS),firstClass,1096.58,0.72,277.7,CloudFy,2023-04-07
45880,447,Brasilia (DF),Aracaju (SE),economic,721.2,1.11,425.98,Rainbow,2023-04-07
103259,1024,Brasilia (DF),Florianopolis (SC),firstClass,1569.65,1.66,637.56,FlyingDrops,2023-04-07
9014,90,Salvador (BH),Brasilia (DF),economic,587.85,1.76,676.56,CloudFy,2023-04-07
81526,793,Salvador (BH),Aracaju (SE),economic,811.73,2.16,830.86,CloudFy,2023-04-07
109355,1083,Natal (RN),Florianopolis (SC),economic,884.4,1.84,709.37,Rainbow,2023-04-07
40400,389,Florianopolis (SC),Brasilia (DF),economic,636.51,1.66,637.56,CloudFy,2023-04-07
90782,896,Campo Grande (MS),Florianopolis (SC),firstClass,1341.21,1.49,573.81,Rainbow,2023-04-07
93847,925,Rio de Janeiro (RJ),Florianopolis (SC),premium,672.66,1.21,466.3,Rainbow,2023-04-07
61650,601,Rio de Janeiro (RJ),Campo Grande (MS),firstClass,1512.09,2.09,806.48,CloudFy,2023-04-07
26571,254,Natal (RN),Brasilia (DF),firstClass,1192.62,1.43,550.69,FlyingDrops,2023-04-07
105126,1041,Brasilia (DF),Florianopolis (SC),premium,1222.24,1.66,637.56,Rainbow,2023-04-07
123251,1220,Natal (RN),Florianopolis (SC),economic,884.4,1.84,709.37,Rainbow,2023-04-08
609,4,Campo Grande (MS),Brasilia (DF),firstClass,949.99,0.72,277.7,CloudFy,2023-04-08
5759,56,Brasilia (DF),Recife (PE),economic,421.2,0.63,242.21,Rainbow,2023-04-08
58644,571,Recife (PE),Campo Grande (MS),firstClass,1110.76,1.39,535.4,CloudFy,2023-04-08
66131,641,Florianopolis (SC),Campo Grande (MS),firstClass,930.34,1.49,573.81,FlyingDrops,2023-04-08
39861,384,Florianopolis (SC),Recife (PE),economic,674.52,1.76,676.53,CloudFy,2023-04-08
42395,412,Florianopolis (SC),Recife (PE),economic,674.52,1.76,676.53,CloudFy,2023-04-08
41858,407,Campo Grande (MS),Recife (PE),firstClass,1262.23,1.39,535.4,FlyingDrops,2023-04-08
47663,461,Rio de Janeiro (RJ),Campo Grande (MS),premium,1139.93,2.09,806.48,CloudFy,2023-04-08
11521,112,Natal (RN),Brasilia (DF),premium,919.89,1.43,550.69,Rainbow,2023-04-08
9485,94,Campo Grande (MS),Aracaju (SE),economic,877.56,1.69,650.1,Rainbow,2023-04-08
92680,914,Campo Grande (MS),Florianopolis (SC),premium,1031.59,1.49,573.81,CloudFy,2023-04-08
17495,174,Sao Paulo (SP),Aracaju (SE),premium,906.59,1.02,392.76,CloudFy,2023-04-08
56757,552,Salvador (BH),Campo Grande (MS),firstClass,904.66,1.36,522.34,CloudFy,2023-04-08
19472,189,Florianopolis (SC),Recife (PE),premium,918.66,1.76,676.53,CloudFy,2023-04-08
67045,650,Aracaju (SE),Natal (RN),economic,332.1,0.46,176.33,CloudFy,2023-04-08
34150,326,Salvador (BH),Aracaju (SE),economic,826.02,2.16,830.86,Rainbow,2023-04-08
89536,882,Rio de Janeiro (RJ),Sao Paulo (SP),firstClass,753.78,0.86,331.89,FlyingDrops,2023-04-08
102726,1019,Salvador (BH),Florianopolis (SC),premium,1336.68,2.44,937.77,Rainbow,2023-04-08
91356,900,Rio de Janeiro (RJ),Florianopolis (SC),firstClass,941.27,1.21,466.3,Rainbow,2023-04-08
48818,478,Brasilia (DF),Campo Grande (MS),economic,583.6,0.72,277.7,CloudFy,2023-04-08
29549,281,Salvador (BH),Recife (PE),economic,751.37,2.05,788.55,Rainbow,2023-04-08
89133,879,Brasilia (DF),Sao Paulo (SP),premium,698.1,0.67,257.81,CloudFy,2023-04-08
134654,1323,Sao Paulo (SP),Florianopolis (SC),economic,947.95,1.46,562.14,CloudFy,2023-04-08
128874,1269,Natal (RN),Florianopolis (SC),firstClass,1554.92,1.84,709.37,Rainbow,2023-04-08
60506,584,Recife (PE),Campo Grande (MS),premium,832.77,1.39,535.4,Rainbow,2023-04-08
38970,372,Salvador (BH),Recife (PE),premium,1103.23,2.05,788.55,Rainbow,2023-04-08
20232,195,Recife (PE),Brasilia (DF),firstClass,697.22,0.63,242.21,FlyingDrops,2023-04-08
44810,436,Campo Grande (MS),Brasilia (DF),economic,517.82,0.72,277.7,Rainbow,2023-04-08
82161,798,Brasilia (DF),Aracaju (SE),firstClass,1287.52,1.11,425.98,FlyingDrops,2023-04-08
55926,544,Rio de Janeiro (RJ),Campo Grande (MS),economic,849.52,2.09,806.48,Rainbow,2023-04-09
28805,274,Rio de Janeiro (RJ),Brasilia (DF),economic,364.34,0.48,183.37,Rainbow,2023-04-09
101277,1004,Rio de Janeiro (RJ),Florianopolis (SC),premium,672.66,1.21,466.3,Rainbow,2023-04-09
37682,357,Aracaju (SE),Recife (PE),premium,835.21,1.44,555.74,CloudFy,2023-04-09
46076,448,Rio de Janeiro (RJ),Recife (PE),premium,1333.52,2.3,885.57,CloudFy,2023-04-09
60897,587,Sao Paulo (SP),Campo Grande (MS),firstClass,595.09,0.44,168.22,Rainbow,2023-04-09
49409,483,Recife (PE),Campo Grande (MS),premium,832.77,1.39,535.4,Rainbow,2023-04-09
123555,1222,Natal (RN),Florianopolis (SC),firstClass,1554.92,1.84,709.37,Rainbow,2023-04-09
52044,504,Aracaju (SE),Campo Grande (MS),economic,743.54,1.69,650.1,Rainbow,2023-04-09
14525,145,Aracaju (SE),Brasilia (DF),economic,472.72,1.11,425.98,CloudFy,2023-04-09
39540,381,Campo Grande (MS),Recife (PE),premium,959.91,1.39,535.4,CloudFy,2023-04-09
111551,1104,Rio de Janeiro (RJ),Florianopolis (SC),economic,519.1,1.21,466.3,Rainbow,2023-04-09
127889,1260,Recife (PE),Florianopolis (SC),firstClass,1434.38,1.76,676.53,FlyingDrops,2023-04-09
126644,1252,Aracaju (SE),Florianopolis (SC),economic,852.18,2.1,808.85,Rainbow,2023-04-09
3356,32,Brasilia (DF),Aracaju (SE),firstClass,1260.1,1.11,425.98,CloudFy,2023-04-09
43267,422,Sao Paulo (SP),Recife (PE),firstClass,1533.42,1.26,486.52,CloudFy,2023-04-09
103044,1022,Sao Paulo (SP),Florianopolis (SC),economic,908.17,1.46,562.14,Rainbow,2023-04-09
92142,908,Recife (PE),Florianopolis (SC),premium,1074.75,1.76,676.53,CloudFy,2023-04-09
410,3,Campo Grande (MS),Recife (PE),premium,991.22,1.39,535.4,Rainbow,2023-04-09
130791,1286,Salvador (BH),Florianopolis (SC),economic,943.15,2.44,937.77,CloudFy,2023-04-09
101090,1003,Sao Paulo (SP),Florianopolis (SC),economic,947.95,1.46,562.14,CloudFy,2023-04-09
70692,684,Salvador (BH),Aracaju (SE),premium,1247.02,2.16,830.86,Rainbow,2023-04-09
56123,545,Natal (RN),Campo Grande (MS),economic,546.04,0.65,250.68,CloudFy,2023-04-09
1360,11,Natal (RN),Recife (PE),firstClass,744.11,0.58,222.67,CloudFy,2023-04-10
52987,512,Sao Paulo (SP),Campo Grande (MS),economic,335.16,0.44,168.22,CloudFy,2023-04-10
74986,727,Florianopolis (SC),Natal (RN),firstClass,1385.49,1.84,709.37,Rainbow,2023-04-10
35264,337,Florianopolis (SC),Aracaju (SE),firstClass,1574.28,2.1,808.85,FlyingDrops,2023-04-10
33566,322,Aracaju (SE),Brasilia (DF),economic,472.72,1.11,425.98,CloudFy,2023-04-10
86182,848,Aracaju (SE),Natal (RN),premium,535.95,0.46,176.33,CloudFy,2023-04-10
64349,625,Florianopolis (SC),Campo Grande (MS),firstClass,949.58,1.49,573.81,CloudFy,2023-04-10
14717,146,Salvador (BH),Brasilia (DF),economic,609.83,1.76,676.56,Rainbow,2023-04-10
97439,962,Salvador (BH),Florianopolis (SC),firstClass,1657.48,2.44,937.77,CloudFy,2023-04-10
32072,307,Campo Grande (MS),Brasilia (DF),firstClass,870.91,0.72,277.7,Rainbow,2023-04-10
91126,898,Brasilia (DF),Florianopolis (SC),firstClass,1487.52,1.66,637.56,CloudFy,2023-04-10
115983,1150,Natal (RN),Florianopolis (SC),firstClass,1570.02,1.84,709.37,CloudFy,2023-04-10
106440,1056,Aracaju (SE),Florianopolis (SC),firstClass,1499.93,2.1,808.85,FlyingDrops,2023-04-10
24874,241,Recife (PE),Aracaju (SE),economic,663.23,1.44,555.74,Rainbow,2023-04-10
59363,575,Brasilia (DF),Campo Grande (MS),firstClass,1096.58,0.72,277.7,CloudFy,2023-04-10
5330,52,Sao Paulo (SP),Aracaju (SE),firstClass,1269.73,1.02,392.76,FlyingDrops,2023-04-10
113613,1127,Brasilia (DF),Florianopolis (SC),premium,1189.32,1.66,637.56,CloudFy,2023-04-10
8488,82,Salvador (BH),Brasilia (DF),premium,836.89,1.76,676.56,CloudFy,2023-04-10
135845,1335,Rio de Janeiro (RJ),Florianopolis (SC),firstClass,961.99,1.21,466.3,FlyingDrops,2023-04-10
76584,744,Florianopolis (SC),Natal (RN),economic,780.68,1.84,709.37,Rainbow,2023-04-10
95292,940,Natal (RN),Florianopolis (SC),economic,884.4,1.84,709.37,Rainbow,2023-04-10
134182,1320,Brasilia (DF),Florianopolis (SC),premium,1222.24,1.66,637.56,Rainbow,2023-04-10
91762,905,Recife (PE),Florianopolis (SC),economic,803.39,1.76,676.53,Rainbow,2023-04-10
59025,573,Sao Paulo (SP),Campo Grande (MS),firstClass,563.0,0.44,168.22,CloudFy,2023-04-10
40600,390,Rio de Janeiro (RJ),Brasilia (DF),premium,435.67,0.48,183.37,Rainbow,2023-04-10
45683,445,Brasilia (DF),Aracaju (SE),firstClass,1260.1,1.11,425.98,CloudFy,2023-04-10
99989,992,Recife (PE),Florianopolis (SC),economic,761.2,1.76,676.53,CloudFy,2023-04-10
37986,362,Natal (RN),Recife (PE),premium,563.23,0.58,222.67,CloudFy,2023-04-10
49848,486,Brasilia (DF),Campo Grande (MS),firstClass,1009.71,0.72,277.7,FlyingDrops,2023-04-10
127164,1255,Salvador (BH),Florianopolis (SC),premium,1321.52,2.44,937.77,CloudFy,2023-04-10
11333,111,Sao Paulo (SP),Brasilia (DF),firstClass,742.94,0.67,257.81,CloudFy,2023-04-10
2477,21,Salvador (BH),Aracaju (SE),premium,1209.04,2.16,830.86,CloudFy,2023-04-10
67234,651,Brasilia (DF),Sao Paulo (SP),premium,750.0,0.67,257.81,Rainbow,2023-04-10
127165,1255,Florianopolis (SC),Salvador (BH),premium,1367.88,2.44,937.77,Rainbow,2023-04-13
101091,1003,Florianopolis (SC),Salvador (BH),economic,898.67,2.44,937.77,CloudFy,2023-04-13
39541,381,Brasilia (DF),Florianopolis (SC),firstClass,1576.97,1.66,637.56,Rainbow,2023-04-13
44811,436,Recife (PE),Rio de Janeiro (RJ),economic,908.93,2.3,885.57,Rainbow,2023-04-13
49849,486,Campo Grande (MS),Aracaju (SE),premium,1215.45,1.69,650.1,CloudFy,2023-04-13
26572,254,Recife (PE),Brasilia (DF),firstClass,697.22,0.63,242.21,FlyingDrops,2023-04-13
43268,422,Recife (PE),Campo Grande (MS),firstClass,1110.76,1.39,535.4,CloudFy,2023-04-13
26294,251,Recife (PE),Florianopolis (SC),premium,1074.75,1.76,676.53,CloudFy,2023-04-13
106441,1056,Florianopolis (SC),Sao Paulo (SP),firstClass,762.89,1.46,562.14,FlyingDrops,2023-04-13
56124,545,Campo Grande (MS),Rio de Janeiro (RJ),economic,972.12,2.09,806.48,CloudFy,2023-04-13
66725,646,Campo Grande (MS),Rio de Janeiro (RJ),firstClass,1614.7,2.09,806.48,CloudFy,2023-04-13
24875,241,Aracaju (SE),Florianopolis (SC),premium,1132.81,2.1,808.85,Rainbow,2023-04-13
16120,158,Recife (PE),Rio de Janeiro (RJ),premium,1270.03,2.3,885.57,CloudFy,2023-04-13
5331,52,Brasilia (DF),Florianopolis (SC),firstClass,1576.97,1.66,637.56,Rainbow,2023-04-13
45881,447,Recife (PE),Sao Paulo (SP),firstClass,980.83,1.26,486.52,Rainbow,2023-04-13
67046,650,Sao Paulo (SP),Campo Grande (MS),premium,447.53,0.44,168.22,CloudFy,2023-04-13
135846,1335,Florianopolis (SC),Natal (RN),premium,1128.51,1.84,709.37,CloudFy,2023-04-13
20233,195,Aracaju (SE),Natal (RN),firstClass,577.71,0.46,176.33,FlyingDrops,2023-04-13
109956,1089,Florianopolis (SC),Aracaju (SE),premium,1248.7,2.1,808.85,Rainbow,2023-04-13
17496,174,Aracaju (SE),Salvador (BH),premium,1289.05,2.16,830.86,Rainbow,2023-04-13
123556,1222,Florianopolis (SC),Sao Paulo (SP),firstClass,738.8,1.46,562.14,Rainbow,2023-04-13
67235,651,Natal (RN),Recife (PE),firstClass,806.91,0.58,222.67,Rainbow,2023-04-13
5760,56,Aracaju (SE),Florianopolis (SC),firstClass,1499.93,2.1,808.85,FlyingDrops,2023-04-13
74987,727,Sao Paulo (SP),Aracaju (SE),economic,722.74,1.02,392.76,CloudFy,2023-04-13
39862,384,Brasilia (DF),Recife (PE),economic,432.1,0.63,242.21,CloudFy,2023-04-13
126645,1252,Florianopolis (SC),Salvador (BH),economic,898.67,2.44,937.77,CloudFy,2023-04-13
411,3,Brasilia (DF),Florianopolis (SC),economic,884.94,1.66,637.56,CloudFy,2023-04-13
37987,362,Recife (PE),Sao Paulo (SP),premium,670.13,1.26,486.52,Rainbow,2023-04-13
109356,1083,Florianopolis (SC),Salvador (BH),economic,898.67,2.44,937.77,CloudFy,2023-04-13
101278,1004,Florianopolis (SC),Campo Grande (MS),premium,714.86,1.49,573.81,Rainbow,2023-04-13
93848,925,Florianopolis (SC),Brasilia (DF),economic,555.01,1.66,637.56,Rainbow,2023-04-13
46077,448,Aracaju (SE),Rio de Janeiro (RJ),premium,930.12,1.55,597.61,Rainbow,2023-04-13
52045,504,Campo Grande (MS),Aracaju (SE),premium,1146.95,1.69,650.1,Rainbow,2023-04-13
60898,587,Campo Grande (MS),Rio de Janeiro (RJ),premium,1363.27,2.09,806.48,CloudFy,2023-04-13
92681,914,Florianopolis (SC),Natal (RN),premium,1114.55,1.84,709.37,Rainbow,2023-04-13
55927,544,Campo Grande (MS),Salvador (BH),firstClass,1114.75,1.36,522.34,Rainbow,2023-04-13
76585,744,Sao Paulo (SP),Campo Grande (MS),premium,447.53,0.44,168.22,CloudFy,2023-04-13
38971,372,Recife (PE),Rio de Janeiro (RJ),firstClass,1612.39,2.3,885.57,CloudFy,2023-04-13
123252,1220,Florianopolis (SC),Natal (RN),economic,726.95,1.84,709.37,CloudFy,2023-04-13
64350,625,Campo Grande (MS),Brasilia (DF),firstClass,847.83,0.72,277.7,FlyingDrops,2023-04-13
95293,940,Florianopolis (SC),Salvador (BH),firstClass,1692.64,2.44,937.77,FlyingDrops,2023-04-13
102727,1019,Florianopolis (SC),Campo Grande (MS),firstClass,930.34,1.49,573.81,FlyingDrops,2023-04-13
111552,1104,Florianopolis (SC),Brasilia (DF),premium,885.37,1.66,637.56,CloudFy,2023-04-13
79037,766,Natal (RN),Recife (PE),premium,579.62,0.58,222.67,Rainbow,2023-04-13
61651,601,Campo Grande (MS),Natal (RN),firstClass,749.85,0.65,250.68,FlyingDrops,2023-04-13
92143,908,Florianopolis (SC),Sao Paulo (SP),firstClass,738.8,1.46,562.14,Rainbow,2023-04-13
49410,483,Campo Grande (MS),Recife (PE),premium,991.22,1.39,535.4,Rainbow,2023-04-13
35265,337,Brasilia (DF),Campo Grande (MS),firstClass,1096.58,0.72,277.7,CloudFy,2023-04-13
2478,21,Recife (PE),Florianopolis (SC),premium,1070.54,1.76,676.53,Rainbow,2023-04-13
9486,94,Recife (PE),Florianopolis (SC),premium,1074.75,1.76,676.53,CloudFy,2023-04-13
33567,322,Recife (PE),Rio de Janeiro (RJ),firstClass,1612.39,2.3,885.57,CloudFy,2023-04-13
42396,412,Aracaju (SE),Salvador (BH),premium,1289.05,2.16,830.86,Rainbow,2023-04-13
27638,264,Brasilia (DF),Aracaju (SE),firstClass,1260.1,1.11,425.98,CloudFy,2023-04-13
28806,274,Recife (PE),Florianopolis (SC),premium,1070.54,1.76,676.53,Rainbow,2023-04-13
130792,1286,Florianopolis (SC),Brasilia (DF),firstClass,1087.18,1.66,637.56,Rainbow,2023-04-13
1361,11,Recife (PE),Brasilia (DF),premium,638.63,0.63,242.21,Rainbow,2023-04-13
90783,896,Florianopolis (SC),Campo Grande (MS),firstClass,930.34,1.49,573.81,FlyingDrops,2023-04-13
59364,575,Campo Grande (MS),Sao Paulo (SP),firstClass,644.16,0.44,168.22,Rainbow,2023-04-13
8489,82,Aracaju (SE),Brasilia (DF),economic,548.62,1.11,425.98,Rainbow,2023-04-13
43970,430,Recife (PE),Salvador (BH),economic,842.11,2.05,788.55,CloudFy,2023-04-13
47664,461,Campo Grande (MS),Aracaju (SE),premium,1215.45,1.69,650.1,CloudFy,2023-04-13
81527,793,Sao Paulo (SP),Brasilia (DF),firstClass,824.31,0.67,257.81,Rainbow,2023-04-13
9015,90,Recife (PE),Natal (RN),premium,474.6,0.58,222.67,CloudFy,2023-04-13
97440,962,Florianopolis (SC),Salvador (BH),firstClass,1692.64,2.44,937.77,FlyingDrops,2023-04-13
45684,445,Aracaju (SE),Natal (RN),premium,427.25,0.46,176.33,Rainbow,2023-04-13
113614,1127,Florianopolis (SC),Sao Paulo (SP),premium,554.87,1.46,562.14,CloudFy,2023-04-13
11522,112,Aracaju (SE),Florianopolis (SC),premium,1132.81,2.1,808.85,Rainbow,2023-04-13
103452,1026,Florianopolis (SC),Rio de Janeiro (RJ),firstClass,549.55,1.21,466.3,Rainbow,2023-04-13
56758,552,Campo Grande (MS),Rio de Janeiro (RJ),firstClass,1754.17,2.09,806.48,Rainbow,2023-04-13
18672,183,Aracaju (SE),Salvador (BH),firstClass,1684.05,2.16,830.86,CloudFy,2023-04-13
134655,1323,Florianopolis (SC),Recife (PE),premium,1013.4,1.76,676.53,Rainbow,2023-04-13
52988,512,Campo Grande (MS),Aracaju (SE),firstClass,1581.8,1.69,650.1,CloudFy,2023-04-13
610,4,Brasilia (DF),Sao Paulo (SP),premium,698.1,0.67,257.81,CloudFy,2023-04-13
115619,1148,Florianopolis (SC),Brasilia (DF),economic,636.51,1.66,637.56,CloudFy,2023-04-13
40401,389,Brasilia (DF),Rio de Janeiro (RJ),firstClass,586.04,0.48,183.37,Rainbow,2023-04-13
82162,798,Natal (RN),Sao Paulo (SP),firstClass,1020.42,0.85,327.55,CloudFy,2023-04-13
14526,145,Recife (PE),Florianopolis (SC),firstClass,1371.83,1.76,676.53,Rainbow,2023-04-13
134183,1320,Florianopolis (SC),Aracaju (SE),economic,879.1,2.1,808.85,CloudFy,2023-04-13
11334,111,Recife (PE),Salvador (BH),premium,1249.83,2.05,788.55,Rainbow,2023-04-13
105127,1041,Florianopolis (SC),Natal (RN),economic,780.68,1.84,709.37,Rainbow,2023-04-13
86183,848,Aracaju (SE),Florianopolis (SC),premium,1132.81,2.1,808.85,Rainbow,2023-04-13
91357,900,Florianopolis (SC),Campo Grande (MS),premium,697.65,1.49,573.81,CloudFy,2023-04-13
58645,571,Campo Grande (MS),Recife (PE),firstClass,1262.23,1.39,535.4,FlyingDrops,2023-04-13
59026,573,Campo Grande (MS),Aracaju (SE),premium,1215.45,1.69,650.1,CloudFy,2023-04-13
34151,326,Aracaju (SE),Florianopolis (SC),premium,1132.81,2.1,808.85,Rainbow,2023-04-13
86584,852,Sao Paulo (SP),Salvador (BH),premium,1114.09,1.04,401.66,Rainbow,2023-04-13
60507,584,Campo Grande (MS),Florianopolis (SC),premium,1031.59,1.49,573.81,CloudFy,2023-04-13
115984,1150,Florianopolis (SC),Aracaju (SE),economic,879.1,2.1,808.85,CloudFy,2023-04-13
127890,1260,Florianopolis (SC),Brasilia (DF),economic,555.01,1.66,637.56,Rainbow,2023-04-13
70693,684,Sao Paulo (SP),Natal (RN),firstClass,932.87,0.85,327.55,Rainbow,2023-04-13
41859,407,Brasilia (DF),Sao Paulo (SP),firstClass,992.17,0.67,257.81,Rainbow,2023-04-13
29849,284,Aracaju (SE),Sao Paulo (SP),firstClass,756.3,1.02,392.76,FlyingDrops,2023-04-13
103914,1029,Florianopolis (SC),Recife (PE),firstClass,1292.29,1.76,676.53,FlyingDrops,2023-04-13
89537,882,Aracaju (SE),Rio de Janeiro (RJ),premium,930.12,1.55,597.61,Rainbow,2023-04-13
40601,390,Brasilia (DF),Recife (PE),firstClass,804.24,0.63,242.21,CloudFy,2023-04-13
29550,281,Recife (PE),Natal (RN),firstClass,628.96,0.58,222.67,Rainbow,2023-04-13
65320,634,Campo Grande (MS),Rio de Janeiro (RJ),premium,1328.88,2.09,806.48,Rainbow,2023-04-13
128875,1269,Florianopolis (SC),Rio de Janeiro (RJ),firstClass,624.89,1.21,466.3,FlyingDrops,2023-04-13
14718,146,Brasilia (DF),Florianopolis (SC),premium,1222.24,1.66,637.56,Rainbow,2023-04-13
91127,898,Florianopolis (SC),Sao Paulo (SP),premium,554.87,1.46,562.14,CloudFy,2023-04-13
103260,1024,Florianopolis (SC),Recife (PE),economic,674.52,1.76,676.53,CloudFy,2023-04-13
99990,992,Florianopolis (SC),Rio de Janeiro (RJ),firstClass,624.89,1.21,466.3,FlyingDrops,2023-04-13
19473,189,Recife (PE),Aracaju (SE),firstClass,1181.19,1.44,555.74,Rainbow,2023-04-13
89134,879,Sao Paulo (SP),Salvador (BH),premium,1118.61,1.04,401.66,CloudFy,2023-04-13
42396,412,Salvador (BH),Aracaju (SE),premium,1247.02,2.16,830.86,Rainbow,2023-04-14
127890,1260,Brasilia (DF),Florianopolis (SC),economic,889.07,1.66,637.56,Rainbow,2023-04-14
113614,1127,Sao Paulo (SP),Florianopolis (SC),premium,1370.17,1.46,562.14,CloudFy,2023-04-14
64350,625,Brasilia (DF),Campo Grande (MS),firstClass,1009.71,0.72,277.7,FlyingDrops,2023-04-14
43970,430,Salvador (BH),Recife (PE),economic,767.27,2.05,788.55,CloudFy,2023-04-14
27638,264,Aracaju (SE),Brasilia (DF),firstClass,957.68,1.11,425.98,CloudFy,2023-04-14
111552,1104,Brasilia (DF),Florianopolis (SC),premium,1189.32,1.66,637.56,CloudFy,2023-04-14
49410,483,Recife (PE),Campo Grande (MS),premium,832.77,1.39,535.4,Rainbow,2023-04-14
60507,584,Florianopolis (SC),Campo Grande (MS),premium,697.65,1.49,573.81,CloudFy,2023-04-14
52988,512,Aracaju (SE),Campo Grande (MS),firstClass,1389.37,1.69,650.1,CloudFy,2023-04-14
56124,545,Rio de Janeiro (RJ),Campo Grande (MS),economic,882.99,2.09,806.48,CloudFy,2023-04-14
67046,650,Campo Grande (MS),Sao Paulo (SP),premium,536.98,0.44,168.22,CloudFy,2023-04-14
101091,1003,Salvador (BH),Florianopolis (SC),economic,943.15,2.44,937.77,CloudFy,2023-04-14
26294,251,Florianopolis (SC),Recife (PE),premium,918.66,1.76,676.53,CloudFy,2023-04-14
47664,461,Aracaju (SE),Campo Grande (MS),premium,1021.53,1.69,650.1,CloudFy,2023-04-14
76585,744,Campo Grande (MS),Sao Paulo (SP),premium,536.98,0.44,168.22,CloudFy,2023-04-14
45684,445,Natal (RN),Aracaju (SE),premium,479.37,0.46,176.33,Rainbow,2023-04-14
103452,1026,Rio de Janeiro (RJ),Florianopolis (SC),firstClass,941.27,1.21,466.3,Rainbow,2023-04-14
91357,900,Campo Grande (MS),Florianopolis (SC),premium,1031.59,1.49,573.81,CloudFy,2023-04-14
66725,646,Rio de Janeiro (RJ),Campo Grande (MS),firstClass,1512.09,2.09,806.48,CloudFy,2023-04-14
5331,52,Florianopolis (SC),Brasilia (DF),firstClass,1087.18,1.66,637.56,Rainbow,2023-04-14
89134,879,Salvador (BH),Sao Paulo (SP),premium,531.49,1.04,401.66,CloudFy,2023-04-14
91127,898,Sao Paulo (SP),Florianopolis (SC),premium,1370.17,1.46,562.14,CloudFy,2023-04-15
101278,1004,Campo Grande (MS),Florianopolis (SC),premium,1030.13,1.49,573.81,Rainbow,2023-04-15
40601,390,Recife (PE),Brasilia (DF),firstClass,709.25,0.63,242.21,CloudFy,2023-04-15
82162,798,Sao Paulo (SP),Natal (RN),firstClass,946.36,0.85,327.55,CloudFy,2023-04-15
59026,573,Aracaju (SE),Campo Grande (MS),premium,1021.53,1.69,650.1,CloudFy,2023-04-15
44811,436,Rio de Janeiro (RJ),Recife (PE),economic,932.59,2.3,885.57,Rainbow,2023-04-15
109356,1083,Salvador (BH),Florianopolis (SC),economic,943.15,2.44,937.77,CloudFy,2023-04-15
65320,634,Rio de Janeiro (RJ),Campo Grande (MS),premium,1219.71,2.09,806.48,Rainbow,2023-04-15
5760,56,Florianopolis (SC),Aracaju (SE),firstClass,1574.28,2.1,808.85,FlyingDrops,2023-04-15
34151,326,Florianopolis (SC),Aracaju (SE),premium,1248.7,2.1,808.85,Rainbow,2023-04-15
130792,1286,Brasilia (DF),Florianopolis (SC),firstClass,1576.97,1.66,637.56,Rainbow,2023-04-15
16120,158,Rio de Janeiro (RJ),Recife (PE),premium,1333.52,2.3,885.57,CloudFy,2023-04-15
17496,174,Salvador (BH),Aracaju (SE),premium,1247.02,2.16,830.86,Rainbow,2023-04-15
123556,1222,Sao Paulo (SP),Florianopolis (SC),firstClass,1718.28,1.46,562.14,Rainbow,2023-04-15
92681,914,Natal (RN),Florianopolis (SC),premium,1212.58,1.84,709.37,Rainbow,2023-04-15
134655,1323,Recife (PE),Florianopolis (SC),premium,1070.54,1.76,676.53,Rainbow,2023-04-15
102727,1019,Campo Grande (MS),Florianopolis (SC),firstClass,1310.32,1.49,573.81,FlyingDrops,2023-04-15
610,4,Sao Paulo (SP),Brasilia (DF),premium,602.12,0.67,257.81,CloudFy,2023-04-15
49849,486,Aracaju (SE),Campo Grande (MS),premium,1021.53,1.69,650.1,CloudFy,2023-04-15
1361,11,Brasilia (DF),Recife (PE),premium,559.13,0.63,242.21,Rainbow,2023-04-15
28806,274,Florianopolis (SC),Recife (PE),premium,1013.4,1.76,676.53,Rainbow,2023-04-15
56758,552,Rio de Janeiro (RJ),Campo Grande (MS),firstClass,1518.88,2.09,806.48,Rainbow,2023-04-15
18672,183,Salvador (BH),Aracaju (SE),firstClass,1531.92,2.16,830.86,CloudFy,2023-04-15
106441,1056,Sao Paulo (SP),Florianopolis (SC),firstClass,1666.23,1.46,562.14,FlyingDrops,2023-04-15
39862,384,Recife (PE),Brasilia (DF),economic,393.68,0.63,242.21,CloudFy,2023-04-15
46077,448,Rio de Janeiro (RJ),Aracaju (SE),premium,1098.93,1.55,597.61,Rainbow,2023-04-16
14718,146,Florianopolis (SC),Brasilia (DF),premium,814.55,1.66,637.56,Rainbow,2023-04-16
128875,1269,Rio de Janeiro (RJ),Florianopolis (SC),firstClass,961.99,1.21,466.3,FlyingDrops,2023-04-16
14526,145,Florianopolis (SC),Recife (PE),firstClass,1175.62,1.76,676.53,Rainbow,2023-04-16
19473,189,Aracaju (SE),Recife (PE),firstClass,1119.47,1.44,555.74,Rainbow,2023-04-16
67235,651,Recife (PE),Natal (RN),firstClass,628.96,0.58,222.67,Rainbow,2023-04-16
40401,389,Rio de Janeiro (RJ),Brasilia (DF),firstClass,687.25,0.48,183.37,Rainbow,2023-04-16
92143,908,Sao Paulo (SP),Florianopolis (SC),firstClass,1718.28,1.46,562.14,Rainbow,2023-04-16
81527,793,Brasilia (DF),Sao Paulo (SP),firstClass,992.17,0.67,257.81,Rainbow,2023-04-16
33567,322,Rio de Janeiro (RJ),Recife (PE),firstClass,1664.01,2.3,885.57,CloudFy,2023-04-16
58645,571,Recife (PE),Campo Grande (MS),firstClass,1038.95,1.39,535.4,FlyingDrops,2023-04-16
70693,684,Natal (RN),Sao Paulo (SP),firstClass,1148.78,0.85,327.55,Rainbow,2023-04-16
135846,1335,Natal (RN),Florianopolis (SC),premium,1165.99,1.84,709.37,CloudFy,2023-04-16
8489,82,Brasilia (DF),Aracaju (SE),economic,721.2,1.11,425.98,Rainbow,2023-04-16
99990,992,Rio de Janeiro (RJ),Florianopolis (SC),firstClass,961.99,1.21,466.3,FlyingDrops,2023-04-16
24875,241,Florianopolis (SC),Aracaju (SE),premium,1248.7,2.1,808.85,Rainbow,2023-04-16
38971,372,Rio de Janeiro (RJ),Recife (PE),firstClass,1664.01,2.3,885.57,CloudFy,2023-04-16
61651,601,Natal (RN),Campo Grande (MS),firstClass,979.56,0.65,250.68,FlyingDrops,2023-04-16
60898,587,Rio de Janeiro (RJ),Campo Grande (MS),premium,1139.93,2.09,806.48,CloudFy,2023-04-16
115619,1148,Brasilia (DF),Florianopolis (SC),economic,884.94,1.66,637.56,CloudFy,2023-04-16
29550,281,Natal (RN),Recife (PE),firstClass,806.91,0.58,222.67,Rainbow,2023-04-16
93848,925,Brasilia (DF),Florianopolis (SC),economic,889.07,1.66,637.56,Rainbow,2023-04-16
45881,447,Sao Paulo (SP),Recife (PE),firstClass,1573.5,1.26,486.52,Rainbow,2023-04-16
86584,852,Salvador (BH),Sao Paulo (SP),premium,513.47,1.04,401.66,Rainbow,2023-04-16
41859,407,Sao Paulo (SP),Brasilia (DF),firstClass,824.31,0.67,257.81,Rainbow,2023-04-16
43268,422,Campo Grande (MS),Recife (PE),firstClass,1244.73,1.39,535.4,CloudFy,2023-04-16
95293,940,Salvador (BH),Florianopolis (SC),firstClass,1616.44,2.44,937.77,FlyingDrops,2023-04-16
20233,195,Natal (RN),Aracaju (SE),firstClass,611.59,0.46,176.33,FlyingDrops,2023-04-16
89537,882,Rio de Janeiro (RJ),Aracaju (SE),premium,1098.93,1.55,597.61,Rainbow,2023-04-16
90783,896,Campo Grande (MS),Florianopolis (SC),firstClass,1310.32,1.49,573.81,FlyingDrops,2023-04-16
59364,575,Sao Paulo (SP),Campo Grande (MS),firstClass,595.09,0.44,168.22,Rainbow,2023-04-16
97440,962,Salvador (BH),Florianopolis (SC),firstClass,1616.44,2.44,937.77,FlyingDrops,2023-04-16
9015,90,Natal (RN),Recife (PE),premium,563.23,0.58,222.67,CloudFy,2023-04-16
37987,362,Sao Paulo (SP),Recife (PE),premium,1145.72,1.26,486.52,Rainbow,2023-04-17
127165,1255,Salvador (BH),Florianopolis (SC),premium,1336.68,2.44,937.77,Rainbow,2023-04-17
411,3,Florianopolis (SC),Brasilia (DF),economic,636.51,1.66,637.56,CloudFy,2023-04-17
11334,111,Salvador (BH),Recife (PE),premium,1103.23,2.05,788.55,Rainbow,2023-04-17
123252,1220,Natal (RN),Florianopolis (SC),economic,873.07,1.84,709.37,CloudFy,2023-04-17
115984,1150,Aracaju (SE),Florianopolis (SC),economic,869.13,2.1,808.85,CloudFy,2023-04-17
109956,1089,Aracaju (SE),Florianopolis (SC),premium,1132.81,2.1,808.85,Rainbow,2023-04-17
9486,94,Florianopolis (SC),Recife (PE),premium,918.66,1.76,676.53,CloudFy,2023-04-17
126645,1252,Salvador (BH),Florianopolis (SC),economic,943.15,2.44,937.77,CloudFy,2023-04-17
52045,504,Aracaju (SE),Campo Grande (MS),premium,1116.83,1.69,650.1,Rainbow,2023-04-17
79037,766,Recife (PE),Natal (RN),premium,488.73,0.58,222.67,Rainbow,2023-04-17
2478,21,Florianopolis (SC),Recife (PE),premium,1013.4,1.76,676.53,Rainbow,2023-04-17
26572,254,Brasilia (DF),Recife (PE),firstClass,691.39,0.63,242.21,FlyingDrops,2023-04-17
103260,1024,Recife (PE),Florianopolis (SC),economic,761.2,1.76,676.53,CloudFy,2023-04-17
134183,1320,Aracaju (SE),Florianopolis (SC),economic,869.13,2.1,808.85,CloudFy,2023-04-17
35265,337,Campo Grande (MS),Brasilia (DF),firstClass,949.99,0.72,277.7,CloudFy,2023-04-17
74987,727,Aracaju (SE),Sao Paulo (SP),economic,410.79,1.02,392.76,CloudFy,2023-04-17
55927,544,Salvador (BH),Campo Grande (MS),firstClass,961.85,1.36,522.34,Rainbow,2023-04-17
29849,284,Sao Paulo (SP),Aracaju (SE),firstClass,1269.73,1.02,392.76,FlyingDrops,2023-04-17
86183,848,Florianopolis (SC),Aracaju (SE),premium,1248.7,2.1,808.85,Rainbow,2023-04-17
39541,381,Florianopolis (SC),Brasilia (DF),firstClass,1087.18,1.66,637.56,Rainbow,2023-04-17
103914,1029,Recife (PE),Florianopolis (SC),firstClass,1434.38,1.76,676.53,FlyingDrops,2023-04-17
105127,1041,Natal (RN),Florianopolis (SC),economic,884.4,1.84,709.37,Rainbow,2023-04-17
11522,112,Florianopolis (SC),Aracaju (SE),premium,1248.7,2.1,808.85,Rainbow,2023-04-17
103261,1024,Florianopolis (SC),Brasilia (DF),firstClass,1097.17,1.66,637.56,FlyingDrops,2023-04-20
14527,145,Aracaju (SE),Brasilia (DF),premium,706.36,1.11,425.98,Rainbow,2023-04-20
111553,1104,Florianopolis (SC),Salvador (BH),economic,915.02,2.44,937.77,Rainbow,2023-04-20
2479,21,Recife (PE),Campo Grande (MS),premium,832.77,1.39,535.4,Rainbow,2023-04-20
130793,1286,Florianopolis (SC),Salvador (BH),premium,1367.88,2.44,937.77,Rainbow,2023-04-20
93849,925,Florianopolis (SC),Brasilia (DF),premium,885.37,1.66,637.56,CloudFy,2023-04-20
5332,52,Brasilia (DF),Campo Grande (MS),premium,831.7,0.72,277.7,CloudFy,2023-04-20
33568,322,Brasilia (DF),Recife (PE),premium,568.38,0.63,242.21,CloudFy,2023-04-20
9487,94,Aracaju (SE),Brasilia (DF),economic,472.72,1.11,425.98,CloudFy,2023-04-20
5761,56,Aracaju (SE),Salvador (BH),premium,1289.05,2.16,830.86,Rainbow,2023-04-20
16121,158,Recife (PE),Campo Grande (MS),economic,563.71,1.39,535.4,CloudFy,2023-04-20
92682,914,Florianopolis (SC),Campo Grande (MS),firstClass,949.58,1.49,573.81,CloudFy,2023-04-20
28807,274,Brasilia (DF),Rio de Janeiro (RJ),economic,371.04,0.48,183.37,Rainbow,2023-04-20
113615,1127,Florianopolis (SC),Sao Paulo (SP),economic,426.91,1.46,562.14,CloudFy,2023-04-20
45882,447,Recife (PE),Sao Paulo (SP),premium,657.87,1.26,486.52,CloudFy,2023-04-20
37988,362,Recife (PE),Aracaju (SE),economic,684.88,1.44,555.74,CloudFy,2023-04-20
43971,430,Aracaju (SE),Recife (PE),premium,835.21,1.44,555.74,CloudFy,2023-04-20
123253,1220,Florianopolis (SC),Rio de Janeiro (RJ),firstClass,585.77,1.21,466.3,CloudFy,2023-04-20
126646,1252,Florianopolis (SC),Brasilia (DF),economic,555.01,1.66,637.56,Rainbow,2023-04-20
103915,1029,Florianopolis (SC),Natal (RN),premium,1128.51,1.84,709.37,CloudFy,2023-04-20
64351,625,Campo Grande (MS),Aracaju (SE),firstClass,1581.8,1.69,650.1,CloudFy,2023-04-20
40602,390,Aracaju (SE),Florianopolis (SC),economic,852.18,2.1,808.85,Rainbow,2023-04-20
101279,1004,Florianopolis (SC),Natal (RN),firstClass,1348.79,1.84,709.37,FlyingDrops,2023-04-20
74988,727,Sao Paulo (SP),Rio de Janeiro (RJ),premium,846.03,0.86,331.89,CloudFy,2023-04-20
41860,407,Aracaju (SE),Campo Grande (MS),economic,743.54,1.69,650.1,Rainbow,2023-04-20
29551,281,Recife (PE),Florianopolis (SC),premium,1070.54,1.76,676.53,Rainbow,2023-04-20
27639,264,Aracaju (SE),Rio de Janeiro (RJ),firstClass,1183.57,1.55,597.61,CloudFy,2023-04-20
19474,189,Brasilia (DF),Rio de Janeiro (RJ),premium,440.69,0.48,183.37,Rainbow,2023-04-20
128876,1269,Florianopolis (SC),Recife (PE),economic,674.52,1.76,676.53,CloudFy,2023-04-20
52989,512,Campo Grande (MS),Rio de Janeiro (RJ),economic,946.55,2.09,806.48,Rainbow,2023-04-20
67236,651,Sao Paulo (SP),Natal (RN),firstClass,946.36,0.85,327.55,CloudFy,2023-04-20
65321,634,Campo Grande (MS),Sao Paulo (SP),premium,536.98,0.44,168.22,CloudFy,2023-04-20
70694,684,Sao Paulo (SP),Aracaju (SE),economic,647.9,1.02,392.76,Rainbow,2023-04-20
66726,646,Campo Grande (MS),Florianopolis (SC),firstClass,1341.21,1.49,573.81,Rainbow,2023-04-20
52046,504,Campo Grande (MS),Rio de Janeiro (RJ),premium,1363.27,2.09,806.48,CloudFy,2023-04-20
106442,1056,Florianopolis (SC),Aracaju (SE),firstClass,1582.1,2.1,808.85,Rainbow,2023-04-20
59365,575,Campo Grande (MS),Aracaju (SE),firstClass,1545.78,1.69,650.1,Rainbow,2023-04-20
8490,82,Brasilia (DF),Campo Grande (MS),firstClass,1096.58,0.72,277.7,CloudFy,2023-04-20
115985,1150,Florianopolis (SC),Natal (RN),firstClass,1348.79,1.84,709.37,FlyingDrops,2023-04-20
24876,241,Brasilia (DF),Aracaju (SE),premium,987.07,1.11,425.98,CloudFy,2023-04-20
82163,798,Aracaju (SE),Sao Paulo (SP),premium,630.34,1.02,392.76,CloudFy,2023-04-20
109357,1083,Florianopolis (SC),Campo Grande (MS),premium,697.65,1.49,573.81,CloudFy,2023-04-20
123557,1222,Florianopolis (SC),Salvador (BH),firstClass,1640.8,2.44,937.77,CloudFy,2023-04-20
127891,1260,Florianopolis (SC),Natal (RN),economic,780.68,1.84,709.37,Rainbow,2023-04-20
115620,1148,Florianopolis (SC),Recife (PE),premium,1013.4,1.76,676.53,Rainbow,2023-04-20
9016,90,Recife (PE),Brasilia (DF),premium,638.63,0.63,242.21,Rainbow,2023-04-20
101092,1003,Florianopolis (SC),Rio de Janeiro (RJ),economic,313.62,1.21,466.3,CloudFy,2023-04-20
90784,896,Florianopolis (SC),Brasilia (DF),firstClass,1127.36,1.66,637.56,CloudFy,2023-04-20
134656,1323,Florianopolis (SC),Sao Paulo (SP),economic,426.91,1.46,562.14,CloudFy,2023-04-20
86184,848,Aracaju (SE),Campo Grande (MS),firstClass,1376.09,1.69,650.1,FlyingDrops,2023-04-20
134184,1320,Florianopolis (SC),Aracaju (SE),firstClass,1468.03,2.1,808.85,CloudFy,2023-04-20
43269,422,Brasilia (DF),Natal (RN),premium,1107.52,1.43,550.69,Rainbow,2023-04-20
14719,146,Aracaju (SE),Brasilia (DF),firstClass,898.04,1.11,425.98,FlyingDrops,2023-04-20
58646,571,Campo Grande (MS),Natal (RN),premium,652.47,0.65,250.68,CloudFy,2023-04-20
61652,601,Campo Grande (MS),Aracaju (SE),firstClass,1473.41,1.69,650.1,FlyingDrops,2023-04-20
89538,882,Natal (RN),Aracaju (SE),premium,451.41,0.46,176.33,CloudFy,2023-04-20
20234,195,Recife (PE),Natal (RN),premium,474.6,0.58,222.67,CloudFy,2023-04-20
412,3,Aracaju (SE),Florianopolis (SC),firstClass,1499.93,2.1,808.85,FlyingDrops,2023-04-20
34152,326,Brasilia (DF),Salvador (BH),firstClass,1665.24,1.76,676.56,Rainbow,2023-04-20
67047,650,Sao Paulo (SP),Campo Grande (MS),firstClass,668.19,0.44,168.22,FlyingDrops,2023-04-20
99991,992,Florianopolis (SC),Sao Paulo (SP),economic,426.91,1.46,562.14,CloudFy,2023-04-20
18673,183,Brasilia (DF),Salvador (BH),premium,1268.97,1.76,676.56,Rainbow,2023-04-20
47665,461,Campo Grande (MS),Recife (PE),premium,959.91,1.39,535.4,CloudFy,2023-04-20
109957,1089,Florianopolis (SC),Recife (PE),premium,1013.4,1.76,676.53,Rainbow,2023-04-20
35266,337,Brasilia (DF),Sao Paulo (SP),premium,698.1,0.67,257.81,CloudFy,2023-04-20
91358,900,Florianopolis (SC),Aracaju (SE),firstClass,1468.03,2.1,808.85,CloudFy,2023-04-20
26295,251,Brasilia (DF),Florianopolis (SC),premium,1189.32,1.66,637.56,CloudFy,2023-04-20
56125,545,Campo Grande (MS),Recife (PE),firstClass,1185.95,1.39,535.4,Rainbow,2023-04-20
102728,1019,Florianopolis (SC),Recife (PE),economic,674.52,1.76,676.53,CloudFy,2023-04-20
46078,448,Recife (PE),Aracaju (SE),economic,663.23,1.44,555.74,Rainbow,2023-04-20
105128,1041,Florianopolis (SC),Recife (PE),premium,918.66,1.76,676.53,CloudFy,2023-04-20
39542,381,Brasilia (DF),Recife (PE),firstClass,691.39,0.63,242.21,FlyingDrops,2023-04-20
11523,112,Aracaju (SE),Sao Paulo (SP),economic,410.79,1.02,392.76,CloudFy,2023-04-20
40402,389,Recife (PE),Florianopolis (SC),economic,761.2,1.76,676.53,CloudFy,2023-04-20
44812,436,Recife (PE),Aracaju (SE),firstClass,1300.81,1.44,555.74,FlyingDrops,2023-04-20
49850,486,Campo Grande (MS),Sao Paulo (SP),premium,441.34,0.44,168.22,Rainbow,2023-04-20
89135,879,Natal (RN),Campo Grande (MS),firstClass,953.32,0.65,250.68,CloudFy,2023-04-20
56759,552,Campo Grande (MS),Florianopolis (SC),firstClass,1446.34,1.49,573.81,CloudFy,2023-04-20
59027,573,Campo Grande (MS),Florianopolis (SC),premium,1030.13,1.49,573.81,Rainbow,2023-04-20
95294,940,Florianopolis (SC),Recife (PE),economic,674.52,1.76,676.53,CloudFy,2023-04-20
26573,254,Aracaju (SE),Salvador (BH),economic,943.36,2.16,830.86,Rainbow,2023-04-20
55928,544,Campo Grande (MS),Natal (RN),firstClass,778.01,0.65,250.68,Rainbow,2023-04-20
92144,908,Florianopolis (SC),Recife (PE),premium,918.66,1.76,676.53,CloudFy,2023-04-20
81528,793,Aracaju (SE),Florianopolis (SC),firstClass,1582.41,2.1,808.85,Rainbow,2023-04-20
103453,1026,Florianopolis (SC),Salvador (BH),firstClass,1692.64,2.44,937.77,FlyingDrops,2023-04-20
76586,744,Natal (RN),Aracaju (SE),premium,479.37,0.46,176.33,Rainbow,2023-04-20
91128,898,Florianopolis (SC),Rio de Janeiro (RJ),premium,481.42,1.21,466.3,Rainbow,2023-04-20
79038,766,Aracaju (SE),Brasilia (DF),economic,548.62,1.11,425.98,Rainbow,2023-04-20
135847,1335,Florianopolis (SC),Sao Paulo (SP),firstClass,738.8,1.46,562.14,Rainbow,2023-04-20
1362,11,Brasilia (DF),Rio de Janeiro (RJ),firstClass,649.64,0.48,183.37,CloudFy,2023-04-20
49411,483,Campo Grande (MS),Recife (PE),firstClass,1244.73,1.39,535.4,CloudFy,2023-04-20
86585,852,Sao Paulo (SP),Recife (PE),firstClass,1533.42,1.26,486.52,CloudFy,2023-04-20
39863,384,Recife (PE),Brasilia (DF),firstClass,721.93,0.63,242.21,Rainbow,2023-04-20
17497,174,Recife (PE),Campo Grande (MS),premium,832.77,1.39,535.4,Rainbow,2023-04-20
11335,111,Brasilia (DF),Aracaju (SE),economic,654.88,1.11,425.98,CloudFy,2023-04-20
60899,587,Campo Grande (MS),Salvador (BH),firstClass,1149.38,1.36,522.34,CloudFy,2023-04-20
45685,445,Aracaju (SE),Rio de Janeiro (RJ),firstClass,1190.94,1.55,597.61,FlyingDrops,2023-04-20
42397,412,Brasilia (DF),Rio de Janeiro (RJ),economic,344.26,0.48,183.37,CloudFy,2023-04-20
127166,1255,Florianopolis (SC),Aracaju (SE),premium,1149.53,2.1,808.85,CloudFy,2023-04-20
97441,962,Florianopolis (SC),Natal (RN),premium,1114.55,1.84,709.37,Rainbow,2023-04-20
611,4,Aracaju (SE),Brasilia (DF),firstClass,898.04,1.11,425.98,FlyingDrops,2023-04-20
39542,381,Recife (PE),Brasilia (DF),firstClass,697.22,0.63,242.21,FlyingDrops,2023-04-21
41860,407,Campo Grande (MS),Aracaju (SE),economic,877.56,1.69,650.1,Rainbow,2023-04-21
97441,962,Natal (RN),Florianopolis (SC),premium,1212.58,1.84,709.37,Rainbow,2023-04-21
35266,337,Sao Paulo (SP),Brasilia (DF),premium,602.12,0.67,257.81,CloudFy,2023-04-21
34152,326,Salvador (BH),Brasilia (DF),firstClass,1040.84,1.76,676.56,Rainbow,2023-04-21
11335,111,Aracaju (SE),Brasilia (DF),economic,472.72,1.11,425.98,CloudFy,2023-04-21
123253,1220,Rio de Janeiro (RJ),Florianopolis (SC),firstClass,875.65,1.21,466.3,CloudFy,2023-04-21
27639,264,Rio de Janeiro (RJ),Aracaju (SE),firstClass,1446.4,1.55,597.61,CloudFy,2023-04-21
64351,625,Aracaju (SE),Campo Grande (MS),firstClass,1389.37,1.69,650.1,CloudFy,2023-04-21
127166,1255,Aracaju (SE),Florianopolis (SC),premium,1174.97,2.1,808.85,CloudFy,2023-04-21
40402,389,Florianopolis (SC),Recife (PE),economic,674.52,1.76,676.53,CloudFy,2023-04-21
103453,1026,Salvador (BH),Florianopolis (SC),firstClass,1616.44,2.44,937.77,FlyingDrops,2023-04-21
115620,1148,Recife (PE),Florianopolis (SC),premium,1070.54,1.76,676.53,Rainbow,2023-04-21
49850,486,Sao Paulo (SP),Campo Grande (MS),premium,438.74,0.44,168.22,Rainbow,2023-04-21
127891,1260,Natal (RN),Florianopolis (SC),economic,884.4,1.84,709.37,Rainbow,2023-04-21
106442,1056,Aracaju (SE),Florianopolis (SC),firstClass,1582.41,2.1,808.85,Rainbow,2023-04-21
61652,601,Aracaju (SE),Campo Grande (MS),firstClass,1376.09,1.69,650.1,FlyingDrops,2023-04-21
82163,798,Sao Paulo (SP),Aracaju (SE),premium,906.59,1.02,392.76,CloudFy,2023-04-21
115985,1150,Natal (RN),Florianopolis (SC),firstClass,1540.6,1.84,709.37,FlyingDrops,2023-04-21
24876,241,Aracaju (SE),Brasilia (DF),premium,755.62,1.11,425.98,CloudFy,2023-04-21
66726,646,Florianopolis (SC),Campo Grande (MS),firstClass,857.32,1.49,573.81,Rainbow,2023-04-21
109957,1089,Recife (PE),Florianopolis (SC),premium,1070.54,1.76,676.53,Rainbow,2023-04-21
56125,545,Recife (PE),Campo Grande (MS),firstClass,1069.12,1.39,535.4,Rainbow,2023-04-21
52046,504,Rio de Janeiro (RJ),Campo Grande (MS),premium,1139.93,2.09,806.48,CloudFy,2023-04-21
65321,634,Sao Paulo (SP),Campo Grande (MS),premium,447.53,0.44,168.22,CloudFy,2023-04-21
102728,1019,Recife (PE),Florianopolis (SC),economic,761.2,1.76,676.53,CloudFy,2023-04-21
70694,684,Aracaju (SE),Sao Paulo (SP),economic,446.73,1.02,392.76,Rainbow,2023-04-21
16121,158,Campo Grande (MS),Recife (PE),economic,659.43,1.39,535.4,CloudFy,2023-04-21
95294,940,Recife (PE),Florianopolis (SC),economic,761.2,1.76,676.53,CloudFy,2023-04-21
76586,744,Aracaju (SE),Natal (RN),premium,427.25,0.46,176.33,Rainbow,2023-04-21
55928,544,Natal (RN),Campo Grande (MS),firstClass,855.82,0.65,250.68,Rainbow,2023-04-22
611,4,Brasilia (DF),Aracaju (SE),firstClass,1287.52,1.11,425.98,FlyingDrops,2023-04-22
93849,925,Brasilia (DF),Florianopolis (SC),premium,1189.32,1.66,637.56,CloudFy,2023-04-22
123557,1222,Salvador (BH),Florianopolis (SC),firstClass,1657.48,2.44,937.77,CloudFy,2023-04-22
52989,512,Rio de Janeiro (RJ),Campo Grande (MS),economic,849.52,2.09,806.48,Rainbow,2023-04-22
1362,11,Rio de Janeiro (RJ),Brasilia (DF),firstClass,688.06,0.48,183.37,CloudFy,2023-04-22
412,3,Florianopolis (SC),Aracaju (SE),firstClass,1574.28,2.1,808.85,FlyingDrops,2023-04-22
11523,112,Sao Paulo (SP),Aracaju (SE),economic,722.74,1.02,392.76,CloudFy,2023-04-22
2479,21,Campo Grande (MS),Recife (PE),premium,991.22,1.39,535.4,Rainbow,2023-04-22
26573,254,Salvador (BH),Aracaju (SE),economic,826.02,2.16,830.86,Rainbow,2023-04-22
9016,90,Brasilia (DF),Recife (PE),premium,559.13,0.63,242.21,Rainbow,2023-04-22
86184,848,Campo Grande (MS),Aracaju (SE),firstClass,1473.41,1.69,650.1,FlyingDrops,2023-04-22
74988,727,Rio de Janeiro (RJ),Sao Paulo (SP),premium,645.44,0.86,331.89,CloudFy,2023-04-22
91128,898,Rio de Janeiro (RJ),Florianopolis (SC),premium,672.66,1.21,466.3,Rainbow,2023-04-22
5332,52,Campo Grande (MS),Brasilia (DF),premium,661.32,0.72,277.7,CloudFy,2023-04-22
14527,145,Brasilia (DF),Aracaju (SE),premium,965.62,1.11,425.98,Rainbow,2023-04-22
134184,1320,Aracaju (SE),Florianopolis (SC),firstClass,1515.79,2.1,808.85,CloudFy,2023-04-22
126646,1252,Brasilia (DF),Florianopolis (SC),economic,889.07,1.66,637.56,Rainbow,2023-04-22
90784,896,Brasilia (DF),Florianopolis (SC),firstClass,1487.52,1.66,637.56,CloudFy,2023-04-22
46078,448,Aracaju (SE),Recife (PE),economic,602.49,1.44,555.74,Rainbow,2023-04-22
99991,992,Sao Paulo (SP),Florianopolis (SC),economic,947.95,1.46,562.14,CloudFy,2023-04-23
8490,82,Campo Grande (MS),Brasilia (DF),firstClass,949.99,0.72,277.7,CloudFy,2023-04-23
19474,189,Rio de Janeiro (RJ),Brasilia (DF),premium,435.67,0.48,183.37,Rainbow,2023-04-23
58646,571,Natal (RN),Campo Grande (MS),premium,748.52,0.65,250.68,CloudFy,2023-04-23
113615,1127,Sao Paulo (SP),Florianopolis (SC),economic,947.95,1.46,562.14,CloudFy,2023-04-23
67236,651,Natal (RN),Sao Paulo (SP),firstClass,1020.42,0.85,327.55,CloudFy,2023-04-23
29551,281,Florianopolis (SC),Recife (PE),premium,1013.4,1.76,676.53,Rainbow,2023-04-23
44812,436,Aracaju (SE),Recife (PE),firstClass,1088.87,1.44,555.74,FlyingDrops,2023-04-23
67047,650,Campo Grande (MS),Sao Paulo (SP),firstClass,684.65,0.44,168.22,FlyingDrops,2023-04-23
60899,587,Salvador (BH),Campo Grande (MS),firstClass,904.66,1.36,522.34,CloudFy,2023-04-23
135847,1335,Sao Paulo (SP),Florianopolis (SC),firstClass,1718.28,1.46,562.14,Rainbow,2023-04-23
39863,384,Brasilia (DF),Recife (PE),firstClass,772.21,0.63,242.21,Rainbow,2023-04-23
81528,793,Florianopolis (SC),Aracaju (SE),firstClass,1582.1,2.1,808.85,Rainbow,2023-04-23
45882,447,Sao Paulo (SP),Recife (PE),premium,1195.26,1.26,486.52,CloudFy,2023-04-23
47665,461,Recife (PE),Campo Grande (MS),premium,793.15,1.39,535.4,CloudFy,2023-04-23
59365,575,Aracaju (SE),Campo Grande (MS),firstClass,1387.89,1.69,650.1,Rainbow,2023-04-23
86585,852,Recife (PE),Sao Paulo (SP),firstClass,883.63,1.26,486.52,CloudFy,2023-04-23
33568,322,Recife (PE),Brasilia (DF),premium,573.61,0.63,242.21,CloudFy,2023-04-23
28807,274,Rio de Janeiro (RJ),Brasilia (DF),economic,364.34,0.48,183.37,Rainbow,2023-04-23
45685,445,Rio de Janeiro (RJ),Aracaju (SE),firstClass,1381.55,1.55,597.61,FlyingDrops,2023-04-23
109357,1083,Campo Grande (MS),Florianopolis (SC),premium,1031.59,1.49,573.81,CloudFy,2023-04-23
103261,1024,Brasilia (DF),Florianopolis (SC),firstClass,1569.65,1.66,637.56,FlyingDrops,2023-04-23
89538,882,Aracaju (SE),Natal (RN),premium,535.95,0.46,176.33,CloudFy,2023-04-23
101279,1004,Natal (RN),Florianopolis (SC),firstClass,1540.6,1.84,709.37,FlyingDrops,2023-04-23
40602,390,Florianopolis (SC),Aracaju (SE),economic,819.41,2.1,808.85,Rainbow,2023-04-23
103915,1029,Natal (RN),Florianopolis (SC),premium,1165.99,1.84,709.37,CloudFy,2023-04-23
105128,1041,Recife (PE),Florianopolis (SC),premium,1074.75,1.76,676.53,CloudFy,2023-04-23
89135,879,Campo Grande (MS),Natal (RN),firstClass,732.89,0.65,250.68,CloudFy,2023-04-23
111553,1104,Salvador (BH),Florianopolis (SC),economic,899.6,2.44,937.77,Rainbow,2023-04-24
14719,146,Brasilia (DF),Aracaju (SE),firstClass,1287.52,1.11,425.98,FlyingDrops,2023-04-24
17497,174,Campo Grande (MS),Recife (PE),premium,991.22,1.39,535.4,Rainbow,2023-04-24
49411,483,Recife (PE),Campo Grande (MS),firstClass,1110.76,1.39,535.4,CloudFy,2023-04-24
56759,552,Florianopolis (SC),Campo Grande (MS),firstClass,949.58,1.49,573.81,CloudFy,2023-04-24
5761,56,Salvador (BH),Aracaju (SE),premium,1247.02,2.16,830.86,Rainbow,2023-04-24
43269,422,Natal (RN),Brasilia (DF),premium,919.89,1.43,550.69,Rainbow,2023-04-24
92144,908,Recife (PE),Florianopolis (SC),premium,1074.75,1.76,676.53,CloudFy,2023-04-24
59027,573,Florianopolis (SC),Campo Grande (MS),premium,714.86,1.49,573.81,Rainbow,2023-04-24
20234,195,Natal (RN),Recife (PE),premium,563.23,0.58,222.67,CloudFy,2023-04-24
92682,914,Campo Grande (MS),Florianopolis (SC),firstClass,1446.34,1.49,573.81,CloudFy,2023-04-24
101092,1003,Rio de Janeiro (RJ),Florianopolis (SC),economic,533.69,1.21,466.3,CloudFy,2023-04-24
9487,94,Brasilia (DF),Aracaju (SE),economic,654.88,1.11,425.98,CloudFy,2023-04-24
43971,430,Recife (PE),Aracaju (SE),premium,932.84,1.44,555.74,CloudFy,2023-04-24
79038,766,Brasilia (DF),Aracaju (SE),economic,721.2,1.11,425.98,Rainbow,2023-04-24
130793,1286,Salvador (BH),Florianopolis (SC),premium,1336.68,2.44,937.77,Rainbow,2023-04-24
42397,412,Rio de Janeiro (RJ),Brasilia (DF),economic,369.57,0.48,183.37,CloudFy,2023-04-24
37988,362,Aracaju (SE),Recife (PE),economic,604.14,1.44,555.74,CloudFy,2023-04-24
134656,1323,Sao Paulo (SP),Florianopolis (SC),economic,947.95,1.46,562.14,CloudFy,2023-04-24
91358,900,Aracaju (SE),Florianopolis (SC),firstClass,1515.79,2.1,808.85,CloudFy,2023-04-24
128876,1269,Recife (PE),Florianopolis (SC),economic,761.2,1.76,676.53,CloudFy,2023-04-24
18673,183,Salvador (BH),Brasilia (DF),premium,882.86,1.76,676.56,Rainbow,2023-04-24
26295,251,Florianopolis (SC),Brasilia (DF),premium,885.37,1.66,637.56,CloudFy,2023-04-24
11524,112,Recife (PE),Salvador (BH),firstClass,1470.41,2.05,788.55,Rainbow,2023-04-27
58647,571,Campo Grande (MS),Recife (PE),economic,674.16,1.39,535.4,Rainbow,2023-04-27
92145,908,Florianopolis (SC),Aracaju (SE),firstClass,1582.1,2.1,808.85,Rainbow,2023-04-27
97442,962,Florianopolis (SC),Salvador (BH),premium,1311.38,2.44,937.77,CloudFy,2023-04-27
1363,11,Brasilia (DF),Campo Grande (MS),firstClass,1096.58,0.72,277.7,CloudFy,2023-04-27
612,4,Aracaju (SE),Rio de Janeiro (RJ),firstClass,1189.86,1.55,597.61,Rainbow,2023-04-27
109958,1089,Florianopolis (SC),Recife (PE),economic,695.3,1.76,676.53,Rainbow,2023-04-27
59028,573,Campo Grande (MS),Rio de Janeiro (RJ),firstClass,1754.17,2.09,806.48,Rainbow,2023-04-27
37989,362,Brasilia (DF),Salvador (BH),economic,958.15,1.76,676.56,CloudFy,2023-04-27
26574,254,Recife (PE),Campo Grande (MS),firstClass,1069.12,1.39,535.4,Rainbow,2023-04-27
127167,1255,Florianopolis (SC),Campo Grande (MS),firstClass,857.32,1.49,573.81,Rainbow,2023-04-27
134657,1323,Florianopolis (SC),Aracaju (SE),firstClass,1468.03,2.1,808.85,CloudFy,2023-04-27
56126,545,Campo Grande (MS),Rio de Janeiro (RJ),economic,972.12,2.09,806.48,CloudFy,2023-04-27
130794,1286,Florianopolis (SC),Rio de Janeiro (RJ),premium,481.42,1.21,466.3,Rainbow,2023-04-27
59366,575,Campo Grande (MS),Brasilia (DF),economic,506.56,0.72,277.7,CloudFy,2023-04-27
91359,900,Florianopolis (SC),Brasilia (DF),premium,814.55,1.66,637.56,Rainbow,2023-04-27
102729,1019,Florianopolis (SC),Rio de Janeiro (RJ),economic,317.08,1.21,466.3,Rainbow,2023-04-27
111554,1104,Florianopolis (SC),Recife (PE),firstClass,1300.6,1.76,676.53,CloudFy,2023-04-27
16122,158,Recife (PE),Rio de Janeiro (RJ),economic,908.93,2.3,885.57,Rainbow,2023-04-27
40403,389,Recife (PE),Aracaju (SE),economic,663.23,1.44,555.74,Rainbow,2023-04-27
86185,848,Sao Paulo (SP),Florianopolis (SC),firstClass,1718.28,1.46,562.14,Rainbow,2023-04-27
105129,1041,Florianopolis (SC),Aracaju (SE),premium,1149.53,2.1,808.85,CloudFy,2023-04-27
86586,852,Sao Paulo (SP),Salvador (BH),economic,793.27,1.04,401.66,CloudFy,2023-04-27
79039,766,Natal (RN),Recife (PE),premium,563.23,0.58,222.67,CloudFy,2023-04-27
11336,111,Brasilia (DF),Aracaju (SE),premium,987.07,1.11,425.98,CloudFy,2023-04-27
134185,1320,Florianopolis (SC),Campo Grande (MS),firstClass,949.58,1.49,573.81,CloudFy,2023-04-27
81529,793,Aracaju (SE),Campo Grande (MS),firstClass,1389.37,1.69,650.1,CloudFy,2023-04-27
39543,381,Recife (PE),Salvador (BH),premium,1242.65,2.05,788.55,CloudFy,2023-04-27
67048,650,Sao Paulo (SP),Brasilia (DF),premium,602.12,0.67,257.81,CloudFy,2023-04-27
28808,274,Brasilia (DF),Campo Grande (MS),premium,851.15,0.72,277.7,Rainbow,2023-04-27
46079,448,Aracaju (SE),Florianopolis (SC),firstClass,1499.93,2.1,808.85,FlyingDrops,2023-04-27
413,3,Brasilia (DF),Florianopolis (SC),premium,1222.24,1.66,637.56,Rainbow,2023-04-27
61653,601,Campo Grande (MS),Natal (RN),premium,652.47,0.65,250.68,CloudFy,2023-04-27
20235,195,Aracaju (SE),Campo Grande (MS),firstClass,1389.37,1.69,650.1,CloudFy,2023-04-27
49851,486,Campo Grande (MS),Brasilia (DF),economic,506.56,0.72,277.7,CloudFy,2023-04-27
35267,337,Recife (PE),Salvador (BH),firstClass,1470.41,2.05,788.55,Rainbow,2023-04-27
44813,436,Brasilia (DF),Recife (PE),firstClass,691.39,0.63,242.21,FlyingDrops,2023-04-27
18674,183,Aracaju (SE),Campo Grande (MS),premium,1116.83,1.69,650.1,Rainbow,2023-04-27
42398,412,Aracaju (SE),Salvador (BH),economic,964.83,2.16,830.86,CloudFy,2023-04-27
103454,1026,Florianopolis (SC),Brasilia (DF),economic,636.51,1.66,637.56,CloudFy,2023-04-27
60900,587,Campo Grande (MS),Aracaju (SE),firstClass,1545.78,1.69,650.1,Rainbow,2023-04-27
89539,882,Sao Paulo (SP),Rio de Janeiro (RJ),premium,846.03,0.86,331.89,CloudFy,2023-04-27
135848,1335,Florianopolis (SC),Campo Grande (MS),premium,714.86,1.49,573.81,Rainbow,2023-04-27
99992,992,Florianopolis (SC),Recife (PE),economic,695.3,1.76,676.53,Rainbow,2023-04-27
17498,174,Recife (PE),Florianopolis (SC),economic,803.39,1.76,676.53,Rainbow,2023-04-27
26296,251,Recife (PE),Aracaju (SE),firstClass,1181.19,1.44,555.74,Rainbow,2023-04-27
49412,483,Campo Grande (MS),Salvador (BH),economic,615.26,1.36,522.34,Rainbow,2023-04-27
76587,744,Sao Paulo (SP),Brasilia (DF),economic,393.84,0.67,257.81,Rainbow,2023-04-27
34153,326,Brasilia (DF),Campo Grande (MS),premium,831.7,0.72,277.7,CloudFy,2023-04-27
43270,422,Aracaju (SE),Salvador (BH),firstClass,1684.05,2.16,830.86,CloudFy,2023-04-27
39864,384,Recife (PE),Florianopolis (SC),firstClass,1354.53,1.76,676.53,CloudFy,2023-04-27
91129,898,Florianopolis (SC),Aracaju (SE),economic,879.1,2.1,808.85,CloudFy,2023-04-27
56760,552,Campo Grande (MS),Sao Paulo (SP),economic,381.83,0.44,168.22,Rainbow,2023-04-27
55929,544,Campo Grande (MS),Brasilia (DF),firstClass,870.91,0.72,277.7,Rainbow,2023-04-27
14720,146,Aracaju (SE),Salvador (BH),firstClass,1723.71,2.16,830.86,Rainbow,2023-04-27
95295,940,Florianopolis (SC),Sao Paulo (SP),firstClass,693.51,1.46,562.14,CloudFy,2023-04-27
52047,504,Campo Grande (MS),Sao Paulo (SP),firstClass,684.65,0.44,168.22,FlyingDrops,2023-04-27
115621,1148,Florianopolis (SC),Sao Paulo (SP),firstClass,693.51,1.46,562.14,CloudFy,2023-04-27
106443,1056,Florianopolis (SC),Campo Grande (MS),economic,478.02,1.49,573.81,CloudFy,2023-04-27
29552,281,Aracaju (SE),Sao Paulo (SP),economic,410.79,1.02,392.76,CloudFy,2023-04-27
82164,798,Natal (RN),Rio de Janeiro (RJ),economic,774.57,1.55,595.03,CloudFy,2023-04-27
43972,430,Recife (PE),Campo Grande (MS),premium,793.15,1.39,535.4,CloudFy,2023-04-27
109358,1083,Florianopolis (SC),Recife (PE),premium,1013.4,1.76,676.53,Rainbow,2023-04-27
92683,914,Florianopolis (SC),Sao Paulo (SP),economic,426.91,1.46,562.14,CloudFy,2023-04-27
41861,407,Brasilia (DF),Rio de Janeiro (RJ),firstClass,649.64,0.48,183.37,CloudFy,2023-04-27
14528,145,Brasilia (DF),Salvador (BH),firstClass,1665.24,1.76,676.56,Rainbow,2023-04-27
74989,727,Sao Paulo (SP),Recife (PE),firstClass,1573.5,1.26,486.52,Rainbow,2023-04-27
5333,52,Brasilia (DF),Recife (PE),economic,421.2,0.63,242.21,Rainbow,2023-04-27
2480,21,Brasilia (DF),Florianopolis (SC),premium,1222.24,1.66,637.56,Rainbow,2023-04-27
45883,447,Recife (PE),Sao Paulo (SP),premium,670.13,1.26,486.52,Rainbow,2023-04-27
101280,1004,Florianopolis (SC),Brasilia (DF),firstClass,1097.17,1.66,637.56,FlyingDrops,2023-04-27
40603,390,Brasilia (DF),Natal (RN),firstClass,1313.76,1.43,550.69,CloudFy,2023-04-27
127892,1260,Florianopolis (SC),Aracaju (SE),economic,819.41,2.1,808.85,Rainbow,2023-04-27
123558,1222,Florianopolis (SC),Aracaju (SE),economic,879.1,2.1,808.85,CloudFy,2023-04-27
9488,94,Aracaju (SE),Sao Paulo (SP),firstClass,752.27,1.02,392.76,Rainbow,2023-04-27
64352,625,Campo Grande (MS),Brasilia (DF),firstClass,949.99,0.72,277.7,CloudFy,2023-04-27
24877,241,Recife (PE),Campo Grande (MS),premium,793.15,1.39,535.4,CloudFy,2023-04-27
115986,1150,Florianopolis (SC),Salvador (BH),economic,898.67,2.44,937.77,CloudFy,2023-04-27
66727,646,Campo Grande (MS),Natal (RN),economic,411.05,0.65,250.68,Rainbow,2023-04-27
90785,896,Florianopolis (SC),Campo Grande (MS),firstClass,949.58,1.49,573.81,CloudFy,2023-04-27
93850,925,Florianopolis (SC),Rio de Janeiro (RJ),economic,313.62,1.21,466.3,CloudFy,2023-04-27
103262,1024,Florianopolis (SC),Campo Grande (MS),firstClass,949.58,1.49,573.81,CloudFy,2023-04-27
70695,684,Sao Paulo (SP),Natal (RN),economic,488.57,0.85,327.55,CloudFy,2023-04-27
65322,634,Campo Grande (MS),Natal (RN),premium,652.47,0.65,250.68,CloudFy,2023-04-27
123254,1220,Florianopolis (SC),Natal (RN),premium,1114.55,1.84,709.37,Rainbow,2023-04-27
67237,651,Aracaju (SE),Sao Paulo (SP),economic,446.73,1.02,392.76,Rainbow,2023-04-27
33569,322,Recife (PE),Rio de Janeiro (RJ),firstClass,1612.39,2.3,885.57,CloudFy,2023-04-27
27640,264,Brasilia (DF),Campo Grande (MS),premium,831.7,0.72,277.7,CloudFy,2023-04-27
8491,82,Aracaju (SE),Recife (PE),firstClass,1088.87,1.44,555.74,FlyingDrops,2023-04-27
19475,189,Recife (PE),Aracaju (SE),economic,684.88,1.44,555.74,CloudFy,2023-04-27
126647,1252,Florianopolis (SC),Salvador (BH),premium,1311.38,2.44,937.77,CloudFy,2023-04-27
65322,634,Natal (RN),Campo Grande (MS),premium,748.52,0.65,250.68,CloudFy,2023-04-28
58647,571,Recife (PE),Campo Grande (MS),economic,615.59,1.39,535.4,Rainbow,2023-04-28
127892,1260,Aracaju (SE),Florianopolis (SC),economic,852.18,2.1,808.85,Rainbow,2023-04-28
8491,82,Recife (PE),Aracaju (SE),firstClass,1300.81,1.44,555.74,FlyingDrops,2023-04-28
67048,650,Brasilia (DF),Sao Paulo (SP),premium,698.1,0.67,257.81,CloudFy,2023-04-28
42398,412,Salvador (BH),Aracaju (SE),economic,811.73,2.16,830.86,CloudFy,2023-04-28
91359,900,Brasilia (DF),Florianopolis (SC),premium,1222.24,1.66,637.56,Rainbow,2023-04-28
70695,684,Natal (RN),Sao Paulo (SP),economic,623.33,0.85,327.55,CloudFy,2023-04-28
49412,483,Salvador (BH),Campo Grande (MS),economic,494.29,1.36,522.34,Rainbow,2023-04-28
44813,436,Recife (PE),Brasilia (DF),firstClass,697.22,0.63,242.21,FlyingDrops,2023-04-28
109358,1083,Recife (PE),Florianopolis (SC),premium,1070.54,1.76,676.53,Rainbow,2023-04-28
61653,601,Natal (RN),Campo Grande (MS),premium,748.52,0.65,250.68,CloudFy,2023-04-28
134657,1323,Aracaju (SE),Florianopolis (SC),firstClass,1515.79,2.1,808.85,CloudFy,2023-04-28
123558,1222,Aracaju (SE),Florianopolis (SC),economic,869.13,2.1,808.85,CloudFy,2023-04-28
103262,1024,Campo Grande (MS),Florianopolis (SC),firstClass,1446.34,1.49,573.81,CloudFy,2023-04-28
45883,447,Sao Paulo (SP),Recife (PE),premium,1145.72,1.26,486.52,Rainbow,2023-04-28
90785,896,Campo Grande (MS),Florianopolis (SC),firstClass,1446.34,1.49,573.81,CloudFy,2023-04-28
11336,111,Aracaju (SE),Brasilia (DF),premium,755.62,1.11,425.98,CloudFy,2023-04-28
33569,322,Rio de Janeiro (RJ),Recife (PE),firstClass,1664.01,2.3,885.57,CloudFy,2023-04-28
123254,1220,Natal (RN),Florianopolis (SC),premium,1212.58,1.84,709.37,Rainbow,2023-04-28
59366,575,Brasilia (DF),Campo Grande (MS),economic,583.6,0.72,277.7,CloudFy,2023-04-28
127167,1255,Campo Grande (MS),Florianopolis (SC),firstClass,1341.21,1.49,573.81,Rainbow,2023-04-28
39864,384,Florianopolis (SC),Recife (PE),firstClass,1300.6,1.76,676.53,CloudFy,2023-04-28
35267,337,Salvador (BH),Recife (PE),firstClass,1440.25,2.05,788.55,Rainbow,2023-04-28
115621,1148,Sao Paulo (SP),Florianopolis (SC),firstClass,1684.14,1.46,562.14,CloudFy,2023-04-28
39543,381,Salvador (BH),Recife (PE),premium,1016.53,2.05,788.55,CloudFy,2023-04-28
106443,1056,Campo Grande (MS),Florianopolis (SC),economic,808.63,1.49,573.81,CloudFy,2023-04-28
81529,793,Campo Grande (MS),Aracaju (SE),firstClass,1581.8,1.69,650.1,CloudFy,2023-04-28
26296,251,Aracaju (SE),Recife (PE),firstClass,1119.47,1.44,555.74,Rainbow,2023-04-28
92145,908,Aracaju (SE),Florianopolis (SC),firstClass,1582.41,2.1,808.85,Rainbow,2023-04-28
5333,52,Recife (PE),Brasilia (DF),economic,439.38,0.63,242.21,Rainbow,2023-04-29
111554,1104,Recife (PE),Florianopolis (SC),firstClass,1354.53,1.76,676.53,CloudFy,2023-04-29
1363,11,Campo Grande (MS),Brasilia (DF),firstClass,949.99,0.72,277.7,CloudFy,2023-04-29
49851,486,Brasilia (DF),Campo Grande (MS),economic,583.6,0.72,277.7,CloudFy,2023-04-29
101280,1004,Brasilia (DF),Florianopolis (SC),firstClass,1569.65,1.66,637.56,FlyingDrops,2023-04-29
97442,962,Salvador (BH),Florianopolis (SC),premium,1321.52,2.44,937.77,CloudFy,2023-04-29
37989,362,Salvador (BH),Brasilia (DF),economic,587.85,1.76,676.56,CloudFy,2023-04-29
59028,573,Rio de Janeiro (RJ),Campo Grande (MS),firstClass,1518.88,2.09,806.48,Rainbow,2023-04-29
93850,925,Rio de Janeiro (RJ),Florianopolis (SC),economic,533.69,1.21,466.3,CloudFy,2023-04-29
16122,158,Rio de Janeiro (RJ),Recife (PE),economic,932.59,2.3,885.57,Rainbow,2023-04-29
103454,1026,Brasilia (DF),Florianopolis (SC),economic,884.94,1.66,637.56,CloudFy,2023-04-29
29552,281,Sao Paulo (SP),Aracaju (SE),economic,722.74,1.02,392.76,CloudFy,2023-04-29
82164,798,Rio de Janeiro (RJ),Natal (RN),economic,677.1,1.55,595.03,CloudFy,2023-04-29
11524,112,Salvador (BH),Recife (PE),firstClass,1440.25,2.05,788.55,Rainbow,2023-04-29
109958,1089,Recife (PE),Florianopolis (SC),economic,803.39,1.76,676.53,Rainbow,2023-04-29
56126,545,Rio de Janeiro (RJ),Campo Grande (MS),economic,882.99,2.09,806.48,CloudFy,2023-04-29
60900,587,Aracaju (SE),Campo Grande (MS),firstClass,1387.89,1.69,650.1,Rainbow,2023-04-29
46079,448,Florianopolis (SC),Aracaju (SE),firstClass,1574.28,2.1,808.85,FlyingDrops,2023-04-29
95295,940,Sao Paulo (SP),Florianopolis (SC),firstClass,1684.14,1.46,562.14,CloudFy,2023-04-29
18674,183,Campo Grande (MS),Aracaju (SE),premium,1146.95,1.69,650.1,Rainbow,2023-04-29
74989,727,Recife (PE),Sao Paulo (SP),firstClass,980.83,1.26,486.52,Rainbow,2023-04-30
79039,766,Recife (PE),Natal (RN),premium,474.6,0.58,222.67,CloudFy,2023-04-30
99992,992,Recife (PE),Florianopolis (SC),economic,803.39,1.76,676.53,Rainbow,2023-04-30
43972,430,Campo Grande (MS),Recife (PE),premium,959.91,1.39,535.4,CloudFy,2023-04-30
64352,625,Brasilia (DF),Campo Grande (MS),firstClass,1096.58,0.72,277.7,CloudFy,2023-04-30
27640,264,Campo Grande (MS),Brasilia (DF),premium,661.32,0.72,277.7,CloudFy,2023-04-30
43270,422,Salvador (BH),Aracaju (SE),firstClass,1531.92,2.16,830.86,CloudFy,2023-04-30
52047,504,Sao Paulo (SP),Campo Grande (MS),firstClass,668.19,0.44,168.22,FlyingDrops,2023-04-30
89539,882,Rio de Janeiro (RJ),Sao Paulo (SP),premium,645.44,0.86,331.89,CloudFy,2023-04-30
2480,21,Florianopolis (SC),Brasilia (DF),premium,814.55,1.66,637.56,Rainbow,2023-04-30
20235,195,Campo Grande (MS),Aracaju (SE),firstClass,1581.8,1.69,650.1,CloudFy,2023-04-30
134185,1320,Campo Grande (MS),Florianopolis (SC),firstClass,1446.34,1.49,573.81,CloudFy,2023-04-30
66727,646,Natal (RN),Campo Grande (MS),economic,470.16,0.65,250.68,Rainbow,2023-04-30
612,4,Rio de Janeiro (RJ),Aracaju (SE),firstClass,1386.46,1.55,597.61,Rainbow,2023-04-30
56760,552,Sao Paulo (SP),Campo Grande (MS),economic,367.22,0.44,168.22,Rainbow,2023-04-30
17498,174,Florianopolis (SC),Recife (PE),economic,695.3,1.76,676.53,Rainbow,2023-04-30
86586,852,Salvador (BH),Sao Paulo (SP),economic,358.62,1.04,401.66,CloudFy,2023-04-30
67237,651,Sao Paulo (SP),Aracaju (SE),economic,647.9,1.02,392.76,Rainbow,2023-04-30
14528,145,Salvador (BH),Brasilia (DF),firstClass,1040.84,1.76,676.56,Rainbow,2023-04-30
